time,spp,heating_degrees,cooling_degrees,dew_point_simple,sunshine_fraction,rain_flag,wind_squared,GS10,T5YIE,RNGWHHD,RWTC,eer_bucket_row_mean,gas_future_mean
2020-01-01 00:00:00-06:00,12.722083333333332,35.0,0.0,-22.4,10.0,1.0,84.63999999999999,1.76,1.72,2.05,62.7,17.86,2.11375
2020-01-02 00:00:00-06:00,15.305,31.4,0.0,-16.0,4.0,1.0,56.25,1.76,1.72,2.05,62.7,17.86,2.11375
2020-01-03 00:00:00-06:00,16.529166666666665,29.2,0.0,-14.0,6.0,1.0,39.69,1.76,1.69,2.06,62.7,1.9514999999999998,2.1270000000000002
2020-01-04 00:00:00-06:00,17.431250000000002,29.7,0.0,-13.899999999999999,15.0,1.0,23.04,1.76,1.69,2.06,62.7,9.554666666666666,2.1270000000000002
2020-01-05 00:00:00-06:00,15.2125,30.5,0.0,-16.9,27.0,1.0,11.559999999999999,1.76,1.69,2.06,62.7,17.157833333333333,2.1270000000000002
2020-01-06 00:00:00-06:00,18.32125,32.8,0.0,-26.4,80.0,0.0,46.239999999999995,1.76,1.69,2.1,62.7,24.761,2.145
2020-01-07 00:00:00-06:00,17.974166666666665,32.4,0.0,-22.6,18.0,1.0,37.209999999999994,1.76,1.67,2.17,62.7,17.11525,2.1609999999999996
2020-01-08 00:00:00-06:00,16.463333333333335,31.2,0.0,-16.8,1.0,1.0,42.25,1.76,1.68,2.09,62.7,1.9445000000000001,2.1506666666666665
2020-01-09 00:00:00-06:00,16.860416666666666,29.3,0.0,-15.5,5.0,1.0,30.25,1.76,1.67,2.05,62.7,1.6290000000000002,2.169
2020-01-10 00:00:00-06:00,18.090416666666666,34.2,0.0,-24.2,76.0,1.0,79.21000000000001,1.76,1.67,2.05,62.7,1.7774999999999999,2.177
2020-01-11 00:00:00-06:00,16.885833333333334,33.9,0.0,-29.700000000000003,94.0,0.0,62.410000000000004,1.76,1.67,2.05,62.7,6.4915,2.177
2020-01-12 00:00:00-06:00,16.37625,32.7,0.0,-28.9,100.0,0.0,68.89000000000001,1.76,1.67,2.05,62.7,11.2055,2.177
2020-01-13 00:00:00-06:00,16.8025,31.8,0.0,-24.4,97.0,0.0,65.61,1.76,1.7,2.03,58.17,15.919500000000001,2.1765
2020-01-14 00:00:00-06:00,17.713333333333335,32.1,0.0,-18.7,21.0,1.0,82.80999999999999,1.76,1.7,2.15,58.34,11.258833333333333,2.1783333333333332
2020-01-15 00:00:00-06:00,17.24416666666667,30.5,0.0,-16.7,16.0,1.0,81.0,1.76,1.67,2.01,58.34,21.87966666666667,2.1203333333333334
2020-01-16 00:00:00-06:00,17.07375,31.1,0.0,-18.9,6.0,1.0,98.01,1.76,1.68,2.06,58.34,1.901,2.0757499999999998
2020-01-17 00:00:00-06:00,17.941666666666666,29.2,0.0,-16.799999999999997,7.0,1.0,62.410000000000004,1.76,1.68,2.07,58.34,1.7730000000000001,2.0162500000000003
2020-01-18 00:00:00-06:00,15.415,27.5,0.0,-13.3,9.0,1.0,34.81,1.76,1.68,2.07,58.34,22.72533333333333,2.0162500000000003
2020-01-19 00:00:00-06:00,19.006249999999998,28.4,0.0,-12.8,3.0,1.0,23.04,1.76,1.68,2.07,58.34,43.67766666666667,2.0162500000000003
2020-01-20 00:00:00-06:00,20.05875,29.7,0.0,-15.1,1.0,1.0,12.25,1.76,1.68,2.07,58.34,64.63,2.0162500000000003
2020-01-21 00:00:00-06:00,17.7,29.6,0.0,-15.399999999999999,3.0,1.0,10.240000000000002,1.76,1.66,1.98,58.25,21.485500000000002,1.9257499999999999
2020-01-22 00:00:00-06:00,17.539166666666667,29.7,0.0,-15.1,1.0,1.0,9.0,1.76,1.64,1.89,58.25,1.3897500000000003,1.946
2020-01-23 00:00:00-06:00,17.609583333333333,29.8,0.0,-16.8,4.0,1.0,6.760000000000001,1.76,1.64,1.89,58.25,1.745,1.9417499999999999
2020-01-24 00:00:00-06:00,18.46708333333333,33.4,0.0,-24.200000000000003,84.0,0.0,33.64,1.76,1.62,1.91,58.25,1.665,1.923
2020-01-25 00:00:00-06:00,15.154166666666667,36.6,0.0,-30.6,58.0,0.0,51.84,1.76,1.62,1.91,58.25,1.6626666666666667,1.923
2020-01-26 00:00:00-06:00,17.384166666666665,35.4,0.0,-26.4,61.0,0.0,51.84,1.76,1.62,1.91,58.25,1.6603333333333334,1.923
2020-01-27 00:00:00-06:00,16.224166666666665,33.8,0.0,-22.0,26.0,1.0,60.839999999999996,1.76,1.56,2.03,58.25,1.6580000000000001,1.9180000000000001
2020-01-28 00:00:00-06:00,15.818333333333333,34.0,0.0,-23.6,38.0,0.0,77.44000000000001,1.76,1.59,1.96,58.25,1.698,1.9616666666666667
2020-01-29 00:00:00-06:00,18.86375,31.8,0.0,-19.4,1.0,1.0,75.68999999999998,1.76,1.58,1.93,53.29,18.804,1.9055
2020-01-30 00:00:00-06:00,20.74125,30.7,0.0,-16.3,0.0,1.0,32.49,1.76,1.59,1.94,52.19,26.294,1.881
2020-01-31 00:00:00-06:00,19.018333333333334,30.4,0.0,-16.4,1.0,1.0,33.64,1.76,1.6,1.91,51.58,11.559999999999999,1.9220000000000002
2020-02-01 00:00:00-06:00,15.40875,30.5,0.0,-16.7,4.0,1.0,34.81,1.5,1.6,1.91,51.58,8.200083333333332,1.9220000000000002
2020-02-02 00:00:00-06:00,11.10125,31.3,0.0,-18.5,44.0,1.0,31.359999999999996,1.5,1.6,1.91,51.58,4.840166666666666,1.9220000000000002
2020-02-03 00:00:00-06:00,12.834166666666667,34.6,0.0,-27.8,100.0,0.0,67.24,1.5,1.56,1.9,51.58,1.48025,1.89575
2020-02-04 00:00:00-06:00,14.531666666666666,34.1,0.0,-23.1,18.0,1.0,73.96,1.5,1.58,1.89,49.59,13.533750000000001,1.93525
2020-02-05 00:00:00-06:00,20.816666666666666,31.4,0.0,-17.6,11.0,1.0,27.040000000000003,1.5,1.61,1.89,49.59,1.665,1.9316666666666666
2020-02-06 00:00:00-06:00,21.294583333333332,31.0,0.0,-17.4,4.0,1.0,46.239999999999995,1.5,1.61,1.86,49.59,1.74,1.9224999999999999
2020-02-07 00:00:00-06:00,17.749583333333334,31.3,0.0,-17.5,5.0,1.0,50.41,1.5,1.61,1.93,50.34,17.883,1.9290000000000003
2020-02-08 00:00:00-06:00,15.932916666666666,33.7,0.0,-20.9,22.0,1.0,86.49000000000001,1.5,1.61,1.93,50.34,17.639444444444443,1.9290000000000003
2020-02-09 00:00:00-06:00,12.030833333333334,30.8,0.0,-17.200000000000003,37.0,1.0,37.209999999999994,1.5,1.61,1.93,50.34,17.39588888888889,1.9290000000000003
2020-02-10 00:00:00-06:00,18.63,31.1,0.0,-21.7,100.0,0.0,34.81,1.5,1.62,1.85,49.59,17.152333333333335,1.844
2020-02-11 00:00:00-06:00,19.775,31.9,0.0,-25.700000000000003,89.0,0.0,51.84,1.5,1.6,1.85,49.59,1.512,1.8612499999999998
2020-02-12 00:00:00-06:00,18.93,28.9,0.0,-24.3,50.0,0.0,46.239999999999995,1.5,1.64,1.91,51.13,26.515,1.9115000000000002
2020-02-13 00:00:00-06:00,19.118333333333336,26.4,0.0,-21.4,62.0,0.0,32.49,1.5,1.65,1.91,51.13,1.7415,1.8942500000000002
2020-02-14 00:00:00-06:00,19.948333333333334,26.6,0.0,-16.0,23.0,1.0,21.159999999999997,1.5,1.64,1.93,52.03,36.598333333333336,1.891
2020-02-15 00:00:00-06:00,18.07375,26.0,0.0,-15.2,44.0,1.0,24.010000000000005,1.5,1.64,1.93,52.03,31.030250000000002,1.891
2020-02-16 00:00:00-06:00,16.686666666666667,25.7,0.0,-11.9,12.0,1.0,16.0,1.5,1.64,1.93,52.03,25.46216666666667,1.891
2020-02-17 00:00:00-06:00,16.489583333333332,26.0,0.0,-10.0,2.0,1.0,11.559999999999999,1.5,1.64,1.93,52.03,19.894083333333334,1.891
2020-02-18 00:00:00-06:00,16.476666666666667,29.0,0.0,-15.8,48.0,1.0,39.69,1.5,1.64,2.04,52.1,14.326,2.00225
2020-02-19 00:00:00-06:00,23.104583333333334,27.5,0.0,-13.3,6.0,1.0,19.360000000000003,1.5,1.65,2.01,52.1,59.72,1.998
2020-02-20 00:00:00-06:00,18.77875,25.8,0.0,-10.2,0.0,1.0,6.760000000000001,1.5,1.63,1.98,52.1,20.967666666666666,1.9625
2020-02-21 00:00:00-06:00,25.508333333333336,25.2,0.0,-11.4,7.0,1.0,10.889999999999999,1.5,1.6,1.96,52.1,20.714666666666666,1.962
2020-02-22 00:00:00-06:00,17.899166666666666,25.2,0.0,-10.2,4.0,1.0,5.289999999999999,1.5,1.6,1.96,52.1,17.066,1.962
2020-02-23 00:00:00-06:00,14.161666666666667,25.6,0.0,-10.2,6.0,1.0,4.41,1.5,1.6,1.96,52.1,13.417333333333332,1.962
2020-02-24 00:00:00-06:00,16.46,26.2,0.0,-11.799999999999999,7.0,1.0,9.610000000000001,1.5,1.57,1.94,51.36,9.768666666666666,1.92
2020-02-25 00:00:00-06:00,15.865833333333333,26.3,0.0,-12.3,3.0,1.0,20.25,1.5,1.52,1.93,51.36,1.5586666666666666,1.8735
2020-02-26 00:00:00-06:00,22.159166666666668,26.3,0.0,-12.9,12.0,1.0,16.0,1.5,1.5,1.96,48.67,25.068,1.829
2020-02-27 00:00:00-06:00,20.705416666666668,26.7,0.0,-14.7,48.0,0.0,22.090000000000003,1.5,1.48,1.96,48.67,1.48,1.8733333333333333
2020-02-28 00:00:00-06:00,20.8025,30.2,0.0,-22.0,99.0,0.0,50.41,1.5,1.33,1.96,48.67,1.4923333333333335,1.774
2020-02-29 00:00:00-06:00,13.67125,29.6,0.0,-21.4,64.0,1.0,47.61000000000001,1.5,1.33,1.96,48.67,6.406666666666667,1.774
2020-03-01 00:00:00-06:00,14.261666666666668,27.5,0.0,-13.5,6.0,1.0,22.090000000000003,0.87,1.33,1.96,48.67,11.321,1.774
2020-03-02 00:00:00-06:00,19.988333333333333,26.6,0.0,-11.399999999999999,1.0,1.0,10.240000000000002,0.87,1.32,1.75,46.78,16.235333333333333,1.8365
2020-03-03 00:00:00-06:00,18.951249999999998,26.5,0.0,-12.7,4.0,1.0,10.240000000000002,0.87,1.34,1.78,47.27,25.700000000000003,1.87725
2020-03-04 00:00:00-06:00,17.362916666666667,26.7,0.0,-12.5,1.0,1.0,17.64,0.87,1.34,1.83,47.27,1.5110000000000001,1.905
2020-03-05 00:00:00-06:00,16.202916666666667,26.3,0.0,-11.9,1.0,1.0,24.010000000000005,0.87,1.28,1.89,45.9,12.313749999999999,1.854
2020-03-06 00:00:00-06:00,15.68125,25.8,0.0,-11.4,2.0,1.0,25.0,0.87,1.14,1.76,41.14,21.2075,1.7859999999999998
2020-03-07 00:00:00-06:00,14.339999999999998,25.7,0.0,-10.9,5.0,1.0,25.0,0.87,1.14,1.76,41.14,14.509666666666668,1.7859999999999998
2020-03-08 00:00:00-06:00,14.028695652173914,26.3,0.0,-12.100000000000001,8.0,1.0,31.359999999999996,0.87,1.14,1.76,41.14,7.811833333333334,1.7859999999999998
2020-03-09 00:00:00-05:00,19.34541666666667,25.6,0.0,-12.8,37.0,1.0,28.09,0.87,0.8,1.74,41.14,1.114,1.8866666666666667
2020-03-10 00:00:00-05:00,21.204583333333336,24.8,0.0,-9.8,5.0,1.0,16.81,0.87,0.77,1.91,41.14,1.2235,2.0223333333333335
2020-03-11 00:00:00-05:00,22.454583333333332,25.1,0.0,-9.5,4.0,1.0,23.04,0.87,0.69,1.96,41.14,7.8466,1.9707500000000002
2020-03-12 00:00:00-05:00,25.56625,23.6,0.0,-8.6,17.0,1.0,32.49,0.87,0.63,1.82,41.14,0.5925,1.939
2020-03-13 00:00:00-05:00,20.201249999999998,22.2,0.0,-7.800000000000001,31.0,1.0,24.010000000000005,0.87,0.53,1.94,31.72,16.496,2.0164999999999997
2020-03-14 00:00:00-05:00,31.197083333333335,21.6,0.0,-6.0,3.0,1.0,11.559999999999999,0.87,0.53,1.94,31.72,11.245249999999999,2.0164999999999997
2020-03-15 00:00:00-05:00,25.77916666666667,23.5,0.0,-7.7,12.0,1.0,17.64,0.87,0.53,1.94,31.72,5.9945,2.0164999999999997
2020-03-16 00:00:00-05:00,30.34958333333333,24.3,0.0,-11.3,43.0,1.0,11.559999999999999,0.87,0.3,1.89,31.72,0.74375,1.899
2020-03-17 00:00:00-05:00,25.803749999999997,22.9,0.0,-9.7,33.0,1.0,5.76,0.87,0.16,1.89,26.96,27.465,1.8603333333333332
2020-03-18 00:00:00-05:00,22.7325,23.7,0.0,-15.7,55.0,0.0,22.090000000000003,0.87,0.16,1.73,26.96,0.9946666666666667,1.7112500000000002
2020-03-19 00:00:00-05:00,22.184166666666666,24.8,0.0,-11.399999999999999,4.0,1.0,10.889999999999999,0.87,0.14,1.68,25.09,6.958500000000001,1.7845
2020-03-20 00:00:00-05:00,20.389583333333334,24.7,0.0,-10.1,6.0,1.0,4.0,0.87,0.31,1.76,25.09,0.7575,1.7302499999999998
2020-03-21 00:00:00-05:00,27.380416666666665,23.6,0.0,-10.6,23.0,1.0,5.289999999999999,0.87,0.31,1.76,25.09,1.7810000000000001,1.7302499999999998
2020-03-22 00:00:00-05:00,22.98125,23.9,0.0,-13.9,54.0,0.0,27.040000000000003,0.87,0.31,1.76,25.09,2.8045,1.7302499999999998
2020-03-23 00:00:00-05:00,25.625833333333333,22.8,0.0,-11.2,29.0,1.0,16.81,0.87,0.37,1.7,23.33,3.828,1.728
2020-03-24 00:00:00-05:00,60.44708333333333,25.5,0.0,-12.9,85.0,0.0,46.239999999999995,0.87,0.55,1.7,23.33,0.549,1.7393333333333334
2020-03-25 00:00:00-05:00,45.73708333333334,21.7,0.0,-9.3,42.0,1.0,12.25,0.87,0.69,1.8,20.75,7.608999999999999,1.7329999999999999
2020-03-26 00:00:00-05:00,33.443333333333335,20.6,0.0,-8.8,63.0,1.0,18.49,0.87,0.72,1.73,20.75,0.7935,1.767
2020-03-27 00:00:00-05:00,25.06041666666667,18.8,0.0,-7.2,29.0,1.0,9.610000000000001,0.87,0.54,1.7,15.48,5.840666666666667,1.74675
2020-03-28 00:00:00-05:00,20.367083333333333,20.2,0.0,-5.0,6.0,1.0,7.290000000000001,0.87,0.54,1.7,15.48,5.908722222222223,1.74675
2020-03-29 00:00:00-05:00,20.372916666666665,21.2,0.0,-5.2,10.0,1.0,12.25,0.87,0.54,1.7,15.48,5.9767777777777775,1.74675
2020-03-30 00:00:00-05:00,17.77125,22.3,0.0,-7.9,43.0,1.0,19.360000000000003,0.87,0.57,1.65,14.1,6.044833333333333,1.851
2020-03-31 00:00:00-05:00,32.574999999999996,21.3,0.0,-8.5,20.0,1.0,7.839999999999999,0.87,0.49,1.65,14.1,0.808,1.8215
2020-04-01 00:00:00-05:00,15.22875,21.1,0.0,-6.7,9.0,1.0,3.24,0.66,0.56,1.65,20.28,10.3915,1.78575
2020-04-02 00:00:00-05:00,14.864583333333334,23.2,0.0,-7.2,5.0,1.0,4.41,0.66,0.73,1.55,25.18,11.561,1.7475
2020-04-03 00:00:00-05:00,17.465416666666666,23.1,0.0,-7.1,2.0,1.0,2.25,0.66,0.78,1.5,25.18,5.4212,1.7593333333333334
2020-04-04 00:00:00-05:00,21.6975,23.1,0.0,-9.899999999999999,18.0,1.0,5.76,0.66,0.78,1.5,25.18,5.68955,1.7593333333333334
2020-04-05 00:00:00-05:00,16.357916666666664,22.9,0.0,-8.3,12.0,1.0,2.5600000000000005,0.66,0.78,1.5,25.18,5.9578999999999995,1.7593333333333334
2020-04-06 00:00:00-05:00,17.544166666666666,22.1,0.0,-9.7,11.0,1.0,7.839999999999999,0.66,0.85,1.64,25.18,6.226249999999999,1.90375
2020-04-07 00:00:00-05:00,24.594583333333333,23.2,0.0,-9.4,54.0,1.0,21.159999999999997,0.66,0.86,1.83,23.54,7.966666666666666,1.973
2020-04-08 00:00:00-05:00,68.52666666666667,21.6,0.0,-7.4,16.0,1.0,7.290000000000001,0.66,0.87,1.86,24.97,24.97,1.9602499999999998
2020-04-09 00:00:00-05:00,21.22791666666667,22.7,0.0,-5.9,2.0,1.0,4.0,0.66,0.9,1.86,24.97,3.544714285714285,1.9460000000000002
2020-04-10 00:00:00-05:00,14.654583333333333,23.4,0.0,-10.0,64.0,1.0,22.090000000000003,0.66,0.9,1.86,24.97,4.200098214285713,1.9460000000000002
2020-04-11 00:00:00-05:00,13.9425,21.6,0.0,-8.8,30.0,1.0,15.209999999999999,0.66,0.9,1.86,24.97,4.855482142857142,1.9460000000000002
2020-04-12 00:00:00-05:00,14.607083333333334,23.7,0.0,-9.3,36.0,1.0,38.440000000000005,0.66,0.9,1.86,24.97,5.5108660714285715,1.9460000000000002
2020-04-13 00:00:00-05:00,18.3525,21.4,0.0,-12.6,99.0,0.0,39.69,0.66,0.94,1.86,22.36,6.16625,1.9577499999999999
2020-04-14 00:00:00-05:00,21.32375,20.1,0.0,-11.299999999999999,100.0,0.0,33.64,0.66,0.94,1.76,20.15,7.210999999999999,1.8603333333333332
2020-04-15 00:00:00-05:00,18.28125,19.0,0.0,-8.4,54.0,1.0,16.0,0.66,0.87,1.68,20.15,0.685,1.83225
2020-04-16 00:00:00-05:00,12.494166666666667,19.7,0.0,-6.1000000000000005,12.0,1.0,4.41,0.66,0.7,1.59,20.15,4.2492,2.0003333333333333
2020-04-17 00:00:00-05:00,17.590416666666666,19.8,0.0,-5.4,39.0,1.0,6.25,0.66,0.67,1.71,20.15,7.203666666666666,1.9709999999999999
2020-04-18 00:00:00-05:00,15.0575,19.3,0.0,-4.3,3.0,1.0,4.41,0.66,0.67,1.71,20.15,6.101844444444444,1.9709999999999999
2020-04-19 00:00:00-05:00,21.833333333333332,20.2,0.0,-4.4,2.0,1.0,3.24,0.66,0.67,1.71,20.15,5.0000222222222215,1.9709999999999999
2020-04-20 00:00:00-05:00,32.147083333333335,19.8,0.0,-5.2,1.0,1.0,4.0,0.66,0.56,1.71,20.15,3.898199999999999,2.129
2020-04-21 00:00:00-05:00,21.532916666666665,21.5,0.0,-4.9,1.0,1.0,6.760000000000001,0.66,0.58,1.92,8.91,3.8413999999999993,2.0614999999999997
2020-04-22 00:00:00-05:00,17.952916666666667,22.1,0.0,-5.1,1.0,1.0,2.8899999999999997,0.66,0.69,1.9,8.91,0.4623333333333333,2.137
2020-04-23 00:00:00-05:00,33.765,21.9,0.0,-6.3,2.0,1.0,2.8899999999999997,0.66,0.67,1.86,8.91,3.501,2.0409999999999995
2020-04-24 00:00:00-05:00,23.8325,21.4,0.0,-7.199999999999999,4.0,1.0,4.840000000000001,0.66,0.72,1.81,8.91,0.5485,2.082333333333333
2020-04-25 00:00:00-05:00,19.995833333333334,20.5,0.0,-9.5,63.0,1.0,9.610000000000001,0.66,0.72,1.81,8.91,2.184555555555556,2.082333333333333
2020-04-26 00:00:00-05:00,15.126249999999999,20.6,0.0,-9.2,90.0,0.0,23.04,0.66,0.72,1.81,8.91,3.820611111111112,2.082333333333333
2020-04-27 00:00:00-05:00,16.86,18.6,0.0,-6.3999999999999995,31.0,1.0,5.76,0.66,0.78,1.68,8.91,5.456666666666667,1.9969999999999999
2020-04-28 00:00:00-05:00,23.95375,19.2,0.0,-4.6,7.0,1.0,2.5600000000000005,0.66,0.76,1.8,8.91,3.0570000000000004,1.9706666666666666
2020-04-29 00:00:00-05:00,18.793333333333333,20.0,0.0,-4.8,5.0,1.0,2.25,0.66,0.78,1.73,8.91,4.0966000000000005,2.1027500000000003
2020-04-30 00:00:00-05:00,18.38083333333333,20.9,0.0,-7.300000000000001,54.0,1.0,27.040000000000003,0.66,0.72,1.63,19.23,6.674666666666666,2.1313333333333335
2020-05-01 00:00:00-05:00,15.252083333333333,20.8,0.0,-10.6,98.0,0.0,38.440000000000005,0.67,0.68,1.69,19.23,0.7415,2.2259999999999995
2020-05-02 00:00:00-05:00,14.969583333333333,19.1,0.0,-7.1,12.0,1.0,28.09,0.67,0.68,1.69,19.23,1.8153333333333332,2.2259999999999995
2020-05-03 00:00:00-05:00,28.542916666666667,17.6,0.0,-5.199999999999999,3.0,1.0,7.290000000000001,0.67,0.68,1.69,19.23,2.889166666666666,2.2259999999999995
2020-05-04 00:00:00-05:00,28.50583333333333,17.4,0.0,-3.9999999999999996,11.0,1.0,5.289999999999999,0.67,0.69,1.78,19.23,3.9629999999999996,2.237666666666667
2020-05-05 00:00:00-05:00,20.63375,17.8,0.0,-3.5999999999999996,6.0,1.0,9.0,0.67,0.71,1.93,24.56,6.6979999999999995,2.316
2020-05-06 00:00:00-05:00,20.561666666666667,18.5,0.0,-3.3,3.0,1.0,11.559999999999999,0.67,0.71,1.9,24.56,12.508,2.16925
2020-05-07 00:00:00-05:00,19.107083333333332,20.2,0.0,-5.4,10.0,1.0,31.359999999999996,0.67,0.7,1.84,23.68,23.68,2.11975
2020-05-08 00:00:00-05:00,20.44875,20.5,0.0,-6.7,28.0,1.0,21.159999999999997,0.67,0.74,1.84,23.68,0.858,2.065
2020-05-09 00:00:00-05:00,18.076666666666668,21.0,0.0,-8.2,95.0,0.0,39.69,0.67,0.74,1.84,23.68,2.7782500000000003,2.065
2020-05-10 00:00:00-05:00,17.034583333333334,17.2,0.0,-4.2,48.0,1.0,12.96,0.67,0.74,1.84,23.68,4.6985,2.065
2020-05-11 00:00:00-05:00,19.172916666666666,17.1,0.0,-2.3000000000000003,21.0,1.0,16.0,0.67,0.75,1.7,24.02,6.61875,2.0413333333333337
2020-05-12 00:00:00-05:00,21.17625,18.0,0.0,-2.6,8.0,1.0,7.839999999999999,0.67,0.72,1.61,25.76,10.9556,1.9637499999999999
2020-05-13 00:00:00-05:00,21.697916666666668,17.9,0.0,-2.6999999999999997,27.0,1.0,9.610000000000001,0.67,0.71,1.56,25.37,6.8165000000000004,1.86175
2020-05-14 00:00:00-05:00,20.429583333333333,15.9,0.0,-3.1,51.0,1.0,20.25,0.67,0.71,1.6,27.4,7.4254999999999995,1.8693333333333335
2020-05-15 00:00:00-05:00,18.655416666666667,16.4,0.0,-3.6,10.0,1.0,31.359999999999996,0.67,0.75,1.6,29.44,29.44,1.8535
2020-05-16 00:00:00-05:00,18.9075,16.3,0.0,-3.5,18.0,1.0,23.04,0.67,0.75,1.6,29.44,23.52688888888889,1.8535
2020-05-17 00:00:00-05:00,21.534166666666668,15.9,0.0,-3.9,55.0,0.0,44.89,0.67,0.75,1.6,29.44,17.613777777777777,1.8535
2020-05-18 00:00:00-05:00,20.39625,15.7,0.0,-2.1000000000000005,8.0,1.0,19.360000000000003,0.67,0.84,1.77,29.44,11.700666666666665,1.9754999999999998
2020-05-19 00:00:00-05:00,30.50208333333333,15.5,0.0,-0.10000000000000009,9.0,1.0,12.96,0.67,0.82,1.85,29.44,0.966,2.005333333333333
2020-05-20 00:00:00-05:00,22.40125,16.0,0.0,-1.7999999999999998,1.0,1.0,37.209999999999994,0.67,0.83,1.83,33.56,12.027166666666666,1.93425
2020-05-21 00:00:00-05:00,19.729583333333334,16.2,0.0,-2.4000000000000004,0.0,1.0,44.89,0.67,0.81,1.75,33.56,12.248666666666667,1.872
2020-05-22 00:00:00-05:00,18.965416666666666,15.9,0.0,-2.6999999999999997,11.0,1.0,53.29,0.67,0.8,1.7,33.56,0.9568,1.8566666666666667
2020-05-23 00:00:00-05:00,16.61375,15.2,0.0,-1.4000000000000004,4.0,1.0,23.04,0.67,0.8,1.7,33.56,3.0695375000000005,1.8566666666666667
2020-05-24 00:00:00-05:00,14.776666666666666,15.8,0.0,-2.2,10.0,1.0,54.760000000000005,0.67,0.8,1.7,33.56,5.1822750000000015,1.8566666666666667
2020-05-25 00:00:00-05:00,16.2075,15.2,0.0,-3.2,11.0,1.0,40.96000000000001,0.67,0.8,1.7,33.56,7.295012500000002,1.8566666666666667
2020-05-26 00:00:00-05:00,17.75875,15.5,0.0,-4.9,11.0,0.0,19.360000000000003,0.67,0.82,1.79,34.7,9.407750000000002,1.9189999999999998
2020-05-27 00:00:00-05:00,19.48375,16.3,0.0,-3.8999999999999995,28.0,1.0,7.839999999999999,0.67,0.82,1.78,34.7,16.921,1.901
2020-05-28 00:00:00-05:00,18.419583333333332,15.9,0.0,-7.300000000000001,95.0,1.0,17.64,0.67,0.86,1.79,33.67,7.466400000000002,1.94475
2020-05-29 00:00:00-05:00,19.825416666666666,14.8,0.0,-3.3999999999999995,62.0,1.0,15.209999999999999,0.67,0.83,1.7,33.67,0.992,1.9612499999999997
2020-05-30 00:00:00-05:00,17.0425,15.1,0.0,-1.3000000000000003,16.0,1.0,5.76,0.67,0.83,1.7,33.67,0.9826666666666667,1.9612499999999997
2020-05-31 00:00:00-05:00,17.17875,14.5,0.0,-0.10000000000000009,6.0,1.0,9.0,0.67,0.83,1.7,33.67,0.9733333333333333,1.9612499999999997
2020-06-01 00:00:00-05:00,19.332916666666666,15.0,0.0,0.6000000000000001,5.0,1.0,6.25,0.73,0.84,1.59,33.67,0.964,1.9023333333333332
2020-06-02 00:00:00-05:00,19.000833333333333,14.9,0.0,0.8999999999999999,7.0,1.0,5.289999999999999,0.73,0.84,1.58,33.67,1.01825,1.8626666666666665
2020-06-03 00:00:00-05:00,22.60875,14.8,0.0,0.40000000000000036,6.0,1.0,4.0,0.73,0.88,1.58,37.33,10.097499999999998,1.9395
2020-06-04 00:00:00-05:00,24.857083333333335,13.5,0.0,1.2999999999999998,7.0,1.0,6.760000000000001,0.73,0.88,1.58,37.33,13.520666666666665,1.93975
2020-06-05 00:00:00-05:00,21.885,13.9,0.0,2.4999999999999996,1.0,1.0,9.0,0.73,0.95,1.8,39.49,20.67375,1.9092500000000001
2020-06-06 00:00:00-05:00,21.514166666666668,12.9,0.0,2.3,11.0,1.0,15.209999999999999,0.73,0.95,1.8,39.49,20.44875,1.9092500000000001
2020-06-07 00:00:00-05:00,22.672083333333333,12.5,0.0,2.5,9.0,1.0,7.839999999999999,0.73,0.95,1.8,39.49,20.22375,1.9092500000000001
2020-06-08 00:00:00-05:00,51.682500000000005,11.9,0.0,1.6999999999999993,14.0,1.0,9.0,0.73,0.98,1.68,38.17,19.99875,1.916
2020-06-09 00:00:00-05:00,25.639583333333334,11.7,0.0,3.0999999999999996,28.0,1.0,10.240000000000002,0.73,0.98,1.68,38.17,8.9992,1.88925
2020-06-10 00:00:00-05:00,20.385,12.0,0.0,2.4,26.0,1.0,10.889999999999999,0.73,1.0,1.72,38.17,10.96525,1.89825
2020-06-11 00:00:00-05:00,16.66625,11.7,0.0,3.3,18.0,1.0,10.889999999999999,0.73,0.95,1.77,36.43,9.89875,1.928
2020-06-12 00:00:00-05:00,17.194583333333334,11.2,0.0,4.4,21.0,1.0,10.889999999999999,0.73,0.95,1.67,36.24,9.79325,1.84275
2020-06-13 00:00:00-05:00,16.704583333333336,10.8,0.0,5.2,15.0,1.0,12.25,0.73,0.95,1.67,36.24,13.103916666666667,1.84275
2020-06-14 00:00:00-05:00,16.883333333333333,10.6,0.0,5.0,14.0,1.0,15.209999999999999,0.73,0.95,1.67,36.24,16.414583333333333,1.84275
2020-06-15 00:00:00-05:00,18.769583333333333,10.6,0.0,5.0,9.0,1.0,22.090000000000003,0.73,0.98,1.64,37.07,19.72525,1.79
2020-06-16 00:00:00-05:00,18.836666666666666,11.1,0.0,4.7,4.0,1.0,13.690000000000001,0.73,1.02,1.43,38.26,10.276,1.7347500000000002
2020-06-17 00:00:00-05:00,16.949583333333333,11.2,0.0,5.0,5.0,1.0,9.0,0.73,1.01,1.43,37.91,16.4208,1.769
2020-06-18 00:00:00-05:00,17.23875,10.8,0.0,5.0,9.0,1.0,21.159999999999997,0.73,1.12,1.51,38.79,16.6984,1.7166666666666666
2020-06-19 00:00:00-05:00,18.567916666666665,11.1,0.0,4.7,5.0,1.0,24.010000000000005,0.73,1.06,1.49,39.72,7.506666666666667,1.7799999999999998
2020-06-20 00:00:00-05:00,17.84541666666667,10.9,0.0,5.5,4.0,1.0,24.010000000000005,0.73,1.06,1.49,39.72,5.390555555555556,1.7799999999999998
2020-06-21 00:00:00-05:00,16.98,10.9,0.0,4.8999999999999995,10.0,1.0,16.81,0.73,1.06,1.49,39.72,3.2744444444444447,1.7799999999999998
2020-06-22 00:00:00-05:00,17.517083333333332,11.0,0.0,4.6,8.0,1.0,12.25,0.73,1.11,1.64,39.72,1.1583333333333334,1.76925
2020-06-23 00:00:00-05:00,18.069583333333334,10.4,0.0,3.9999999999999996,45.0,1.0,7.839999999999999,0.73,1.14,1.61,39.72,7.0332857142857135,1.7223333333333333
2020-06-24 00:00:00-05:00,17.517083333333336,11.0,0.0,4.4,16.0,1.0,11.559999999999999,0.73,1.1,1.64,39.72,1.0939999999999999,1.7725
2020-06-25 00:00:00-05:00,16.1475,11.4,0.0,5.0,4.0,1.0,20.25,0.73,1.11,1.53,39.72,0.7449999999999999,1.5925000000000002
2020-06-26 00:00:00-05:00,15.345,11.6,0.0,5.0,1.0,1.0,6.760000000000001,0.73,1.11,1.42,39.72,1.0866666666666667,1.59225
2020-06-27 00:00:00-05:00,15.026666666666666,11.9,0.0,4.5,1.0,1.0,10.889999999999999,0.73,1.11,1.42,39.72,7.8406111111111105,1.59225
2020-06-28 00:00:00-05:00,14.069583333333334,11.6,0.0,4.6000000000000005,7.0,1.0,12.25,0.73,1.11,1.42,39.72,14.594555555555553,1.59225
2020-06-29 00:00:00-05:00,16.434583333333332,11.1,0.0,4.7,14.0,1.0,13.690000000000001,0.73,1.14,1.67,39.72,21.348499999999998,1.786
2020-06-30 00:00:00-05:00,19.10875,10.9,0.0,4.8999999999999995,12.0,1.0,13.690000000000001,0.73,1.16,1.76,39.27,10.651500000000002,1.9733333333333334
2020-07-01 00:00:00-05:00,26.974166666666665,10.8,0.0,5.0,29.0,1.0,9.0,0.62,1.17,1.69,39.27,21.6985,1.7805
2020-07-02 00:00:00-05:00,26.544583333333335,10.7,0.0,5.3,3.0,1.0,13.690000000000001,0.62,1.21,1.58,39.27,1.238,1.9250000000000003
2020-07-03 00:00:00-05:00,25.11583333333333,11.1,0.0,5.300000000000001,6.0,1.0,7.839999999999999,0.62,1.21,1.58,39.27,42.92,1.9250000000000003
2020-07-04 00:00:00-05:00,24.180833333333336,11.2,0.0,5.0,3.0,1.0,21.159999999999997,0.62,1.21,1.58,39.27,35.56483333333333,1.9250000000000003
2020-07-05 00:00:00-05:00,24.540000000000003,11.0,0.0,4.4,7.0,1.0,21.159999999999997,0.62,1.21,1.58,39.27,28.209666666666664,1.9250000000000003
2020-07-06 00:00:00-05:00,21.617500000000003,10.6,0.0,5.2,13.0,1.0,22.090000000000003,0.62,1.28,1.71,40.51,20.854499999999998,2.01025
2020-07-07 00:00:00-05:00,20.93,9.9,0.0,5.699999999999999,15.0,1.0,18.49,0.62,1.26,1.76,40.51,9.6018,1.9476666666666667
2020-07-08 00:00:00-05:00,22.508750000000003,10.0,0.0,6.0,4.0,1.0,12.25,0.62,1.25,1.78,40.51,1.2875,2.018333333333333
2020-07-09 00:00:00-05:00,23.385833333333334,10.3,0.0,6.1,1.0,1.0,10.240000000000002,0.62,1.22,1.88,40.51,11.298749999999998,1.9665
2020-07-10 00:00:00-05:00,30.226250000000004,11.2,0.0,5.4,1.0,1.0,14.44,0.62,1.25,1.79,40.56,12.744714285714286,2.002333333333333
2020-07-11 00:00:00-05:00,33.3675,11.5,0.0,5.1,4.0,1.0,6.760000000000001,0.62,1.25,1.79,40.56,8.883142857142857,2.002333333333333
2020-07-12 00:00:00-05:00,39.59166666666666,10.7,0.0,5.1,10.0,1.0,15.209999999999999,0.62,1.25,1.79,40.56,5.021571428571429,2.002333333333333
2020-07-13 00:00:00-05:00,26.631666666666664,10.3,0.0,5.300000000000001,12.0,1.0,22.090000000000003,0.62,1.27,1.75,40.56,1.1600000000000001,1.94375
2020-07-14 00:00:00-05:00,23.462500000000002,10.7,0.0,4.9,3.0,1.0,16.81,0.62,1.27,1.74,40.56,22.0925,1.9429999999999998
2020-07-15 00:00:00-05:00,21.650833333333335,10.8,0.0,5.2,5.0,1.0,20.25,0.62,1.28,1.76,40.56,9.632000000000001,2.0203333333333333
2020-07-16 00:00:00-05:00,23.112499999999997,10.7,0.0,5.1,6.0,1.0,6.25,0.62,1.3,1.76,40.56,8.147166666666667,1.932
2020-07-17 00:00:00-05:00,19.587500000000002,10.2,0.0,5.6,10.0,1.0,11.559999999999999,0.62,1.35,1.79,40.56,22.3865,2.113
2020-07-18 00:00:00-05:00,20.764583333333334,10.1,0.0,5.300000000000001,10.0,1.0,9.610000000000001,0.62,1.35,1.79,40.56,19.187380952380952,2.113
2020-07-19 00:00:00-05:00,21.254583333333333,11.3,0.0,5.300000000000001,2.0,1.0,5.76,0.62,1.35,1.79,40.56,15.988261904761902,2.113
2020-07-20 00:00:00-05:00,21.807083333333335,11.9,0.0,4.699999999999999,0.0,1.0,11.559999999999999,0.62,1.37,1.71,40.83,12.789142857142854,1.8559999999999999
2020-07-21 00:00:00-05:00,19.775833333333335,11.6,0.0,4.6000000000000005,2.0,1.0,13.690000000000001,0.62,1.4,1.66,40.83,1.226,1.9406666666666668
2020-07-22 00:00:00-05:00,22.06375,11.3,0.0,4.5,3.0,1.0,16.0,0.62,1.4,1.69,41.88,17.936,1.88125
2020-07-23 00:00:00-05:00,28.894166666666667,11.0,0.0,4.8,7.0,1.0,15.209999999999999,0.62,1.37,1.75,41.88,0.8640000000000001,1.9969999999999999
2020-07-24 00:00:00-05:00,33.97,10.8,0.0,5.0,7.0,1.0,13.690000000000001,0.62,1.35,1.77,41.88,1.2092,2.01975
2020-07-25 00:00:00-05:00,19.148333333333333,10.4,0.0,5.199999999999999,39.0,1.0,8.41,0.62,1.35,1.77,41.88,5.898911111111111,2.01975
2020-07-26 00:00:00-05:00,18.072916666666668,9.3,0.0,6.1,41.0,1.0,12.96,0.62,1.35,1.77,41.88,10.588622222222224,2.01975
2020-07-27 00:00:00-05:00,19.794999999999998,10.3,0.0,4.5,15.0,1.0,18.49,0.62,1.38,1.77,41.88,15.278333333333334,1.76
2020-07-28 00:00:00-05:00,20.741666666666667,11.3,0.0,4.1,1.0,1.0,14.44,0.62,1.36,1.83,41.88,9.5838,2.0335
2020-07-29 00:00:00-05:00,20.04,11.6,0.0,4.2,3.0,1.0,4.840000000000001,0.62,1.38,1.77,41.88,1.2353333333333334,1.9543333333333333
2020-07-30 00:00:00-05:00,23.145416666666666,11.5,0.0,4.7,4.0,1.0,5.76,0.62,1.37,1.81,41.88,0.94,2.2153333333333336
2020-07-31 00:00:00-05:00,23.351249999999997,10.8,0.0,5.2,9.0,1.0,9.0,0.62,1.4,1.83,41.88,1.1703333333333334,2.1085000000000003
2020-08-01 00:00:00-05:00,24.517916666666665,10.0,0.0,5.2,34.0,1.0,6.760000000000001,0.65,1.4,1.83,41.88,4.585680555555555,2.1085000000000003
2020-08-02 00:00:00-05:00,23.324583333333333,9.0,0.0,5.4,42.0,1.0,13.690000000000001,0.65,1.4,1.83,41.88,8.001027777777777,2.1085000000000003
2020-08-03 00:00:00-05:00,22.8275,8.3,0.0,4.299999999999999,68.0,1.0,18.49,0.65,1.46,1.95,40.83,11.416375,2.421
2020-08-04 00:00:00-05:00,21.723333333333333,8.7,0.0,4.500000000000001,60.0,1.0,14.44,0.65,1.45,2.07,41.67,14.492333333333335,2.54025
2020-08-05 00:00:00-05:00,20.783333333333335,8.6,0.0,4.800000000000001,43.0,1.0,17.64,0.65,1.52,2.23,41.67,1.0346666666666666,2.54775
2020-08-06 00:00:00-05:00,22.594166666666666,8.3,0.0,5.8999999999999995,22.0,1.0,14.44,0.65,1.53,2.26,41.93,21.612,2.52725
2020-08-07 00:00:00-05:00,22.011666666666667,8.5,0.0,6.9,7.0,1.0,11.559999999999999,0.65,1.5,2.15,41.16,11.212499999999999,2.5945
2020-08-08 00:00:00-05:00,21.04125,9.9,0.0,5.1,2.0,1.0,5.76,0.65,1.5,2.15,41.16,11.475249999999999,2.5945
2020-08-09 00:00:00-05:00,20.580000000000002,10.2,0.0,6.199999999999999,2.0,1.0,9.0,0.65,1.5,2.15,41.16,11.738,2.5945
2020-08-10 00:00:00-05:00,21.374583333333334,10.9,0.0,5.5,1.0,1.0,14.44,0.65,1.49,2.18,41.16,12.00075,2.51375
2020-08-11 00:00:00-05:00,23.167083333333334,11.1,0.0,5.7,1.0,1.0,4.840000000000001,0.65,1.5,2.19,41.53,9.2428,2.6613333333333333
2020-08-12 00:00:00-05:00,23.102500000000003,10.3,0.0,5.7,19.0,1.0,7.839999999999999,0.65,1.56,2.05,41.53,1.2426666666666668,2.2245
2020-08-13 00:00:00-05:00,116.8125,10.2,0.0,5.8,3.0,1.0,19.360000000000003,0.65,1.56,2.19,41.53,12.165249999999999,2.55525
2020-08-14 00:00:00-05:00,230.11374999999998,11.0,0.0,5.2,5.0,1.0,24.010000000000005,0.65,1.53,2.19,42.05,18.081999999999997,2.6915
2020-08-15 00:00:00-05:00,101.85416666666667,11.2,0.0,4.8,9.0,1.0,18.49,0.65,1.53,2.19,42.05,19.58375,2.6915
2020-08-16 00:00:00-05:00,48.88791666666666,10.4,0.0,4.199999999999999,17.0,1.0,11.559999999999999,0.65,1.53,2.19,42.05,21.085499999999996,2.6915
2020-08-17 00:00:00-05:00,34.571666666666665,9.4,0.0,2.0,63.0,1.0,28.09,0.65,1.54,2.19,42.89,22.587249999999997,2.682
2020-08-18 00:00:00-05:00,34.522083333333335,9.6,0.0,2.6000000000000005,78.0,1.0,15.209999999999999,0.65,1.55,2.45,42.89,22.662000000000003,2.75
2020-08-19 00:00:00-05:00,26.862916666666667,11.1,0.0,3.9000000000000004,52.0,1.0,12.96,0.65,1.55,2.43,42.89,1.265,2.8153333333333337
2020-08-20 00:00:00-05:00,24.874583333333334,11.3,0.0,2.7,52.0,1.0,14.44,0.65,1.48,2.43,42.62,15.030999999999999,2.7045000000000003
2020-08-21 00:00:00-05:00,23.950416666666666,11.4,0.0,2.8,31.0,1.0,12.25,0.65,1.52,2.39,42.32,6.2905,2.76125
2020-08-22 00:00:00-05:00,26.327916666666667,10.9,0.0,3.8999999999999995,25.0,1.0,14.44,0.65,1.52,2.39,42.32,18.340333333333334,2.76125
2020-08-23 00:00:00-05:00,23.71666666666667,10.3,0.0,4.7,45.0,1.0,10.240000000000002,0.65,1.52,2.39,42.32,30.390166666666666,2.76125
2020-08-24 00:00:00-05:00,28.54125,9.5,0.0,5.1,51.0,1.0,13.690000000000001,0.65,1.57,2.57,42.44,42.44,2.886
2020-08-25 00:00:00-05:00,33.13166666666667,8.9,0.0,5.1,68.0,1.0,14.44,0.65,1.6,2.54,43.17,22.95325,2.8636666666666666
2020-08-26 00:00:00-05:00,24.5775,9.9,0.0,4.5,54.0,1.0,15.209999999999999,0.65,1.63,2.52,43.21,22.66825,2.74275
2020-08-27 00:00:00-05:00,36.89,10.9,0.0,4.1,34.0,1.0,18.49,0.65,1.65,2.52,43.21,1.2175,2.9563333333333333
2020-08-28 00:00:00-05:00,39.505833333333335,11.2,0.0,3.5999999999999996,19.0,1.0,16.81,0.65,1.68,2.46,43.21,1.08575,3.0242500000000003
2020-08-29 00:00:00-05:00,52.73583333333334,11.3,0.0,4.1,14.0,1.0,8.41,0.65,1.68,2.46,43.21,1.1317222222222223,3.0242500000000003
2020-08-30 00:00:00-05:00,30.940833333333334,10.3,0.0,4.300000000000001,43.0,0.0,9.610000000000001,0.65,1.68,2.46,43.21,1.1776944444444444,3.0242500000000003
2020-08-31 00:00:00-05:00,35.905833333333334,9.8,0.0,5.799999999999999,52.0,1.0,14.44,0.65,1.69,2.3,43.21,1.2236666666666667,2.9683333333333333
2020-09-01 00:00:00-05:00,25.340416666666666,10.4,0.0,5.199999999999999,37.0,1.0,11.559999999999999,0.68,1.65,2.22,42.76,14.814666666666666,3.0172499999999998
2020-09-02 00:00:00-05:00,28.097083333333334,10.0,0.0,5.2,37.0,1.0,16.81,0.68,1.61,2.15,42.76,17.860400000000002,3.026
2020-09-03 00:00:00-05:00,23.792916666666667,10.7,0.0,4.9,8.0,1.0,12.25,0.68,1.53,2.32,41.39,21.62525,3.01175
2020-09-04 00:00:00-05:00,23.556250000000002,12.0,0.0,4.2,2.0,1.0,12.96,0.68,1.57,1.8,41.39,1.0036,2.950333333333333
2020-09-05 00:00:00-05:00,22.245833333333334,11.6,0.0,4.0,2.0,1.0,6.25,0.68,1.57,1.8,41.39,4.070241666666666,2.950333333333333
2020-09-06 00:00:00-05:00,21.055833333333336,11.7,0.0,4.9,7.0,1.0,8.41,0.68,1.57,1.8,41.39,7.1368833333333335,2.950333333333333
2020-09-07 00:00:00-05:00,20.25583333333333,11.4,0.0,4.8,6.0,1.0,14.44,0.68,1.57,1.8,41.39,10.203525,2.950333333333333
2020-09-08 00:00:00-05:00,19.38375,11.5,0.0,4.3,11.0,1.0,9.610000000000001,0.68,1.55,2.35,36.87,13.270166666666666,2.96975
2020-09-09 00:00:00-05:00,19.85,11.6,0.0,4.800000000000001,11.0,1.0,10.240000000000002,0.68,1.57,2.21,38.05,13.415333333333335,2.97025
2020-09-10 00:00:00-05:00,22.332083333333333,11.8,0.0,4.800000000000001,2.0,1.0,8.41,0.68,1.54,2.13,38.05,1.0255,2.904
2020-09-11 00:00:00-05:00,21.275000000000002,11.6,0.0,4.6000000000000005,4.0,1.0,10.889999999999999,0.68,1.53,1.93,38.05,19.956,2.767666666666667
2020-09-12 00:00:00-05:00,21.562083333333334,11.3,0.0,4.5,9.0,1.0,6.25,0.68,1.53,1.93,38.05,13.666666666666668,2.767666666666667
2020-09-13 00:00:00-05:00,21.442916666666665,11.5,0.0,4.5,22.0,1.0,9.0,0.68,1.53,1.93,38.05,7.377333333333334,2.767666666666667
2020-09-14 00:00:00-05:00,21.405,11.6,0.0,4.4,8.0,1.0,10.889999999999999,0.68,1.54,2.18,38.05,1.088,2.8735
2020-09-15 00:00:00-05:00,27.0,11.8,0.0,4.2,4.0,1.0,10.240000000000002,0.68,1.54,2.19,38.05,6.5297142857142845,3.060333333333334
2020-09-16 00:00:00-05:00,27.4025,11.4,0.0,3.9999999999999996,18.0,1.0,9.0,0.68,1.57,2.06,38.05,14.331333333333331,2.825
2020-09-17 00:00:00-05:00,22.32166666666667,11.6,0.0,3.8000000000000003,45.0,1.0,10.240000000000002,0.68,1.57,1.65,40.99,7.845666666666666,2.9676666666666662
2020-09-18 00:00:00-05:00,18.43875,11.0,0.0,3.8,42.0,1.0,16.81,0.68,1.58,1.56,40.99,6.1495,2.7800000000000002
2020-09-19 00:00:00-05:00,15.987499999999999,11.2,0.0,3.1999999999999997,39.0,1.0,11.559999999999999,0.68,1.58,1.56,40.99,4.453333333333333,2.7800000000000002
2020-09-20 00:00:00-05:00,13.607916666666666,11.5,0.0,2.0999999999999996,58.0,1.0,14.44,0.68,1.58,1.56,40.99,2.7571666666666665,2.7800000000000002
2020-09-21 00:00:00-05:00,14.95875,11.6,0.0,3.4000000000000004,33.0,1.0,12.96,0.68,1.5,1.33,40.99,1.061,3.071
2020-09-22 00:00:00-05:00,15.1025,11.9,0.0,3.8999999999999995,5.0,1.0,6.25,0.68,1.5,1.49,39.55,13.756999999999998,2.7072499999999997
2020-09-23 00:00:00-05:00,15.864583333333334,12.1,0.0,4.1000000000000005,3.0,1.0,6.25,0.68,1.48,1.74,39.55,1.1033333333333333,2.8739999999999997
2020-09-24 00:00:00-05:00,17.718333333333334,12.1,0.0,4.7,5.0,1.0,7.290000000000001,0.68,1.45,1.93,39.55,11.17225,2.98525
2020-09-25 00:00:00-05:00,16.406666666666666,12.6,0.0,3.6000000000000005,2.0,1.0,8.41,0.68,1.43,1.9,40.06,10.915000000000001,3.277
2020-09-26 00:00:00-05:00,16.279166666666665,13.1,0.0,3.1000000000000005,1.0,1.0,7.839999999999999,0.68,1.43,1.9,40.06,7.665166666666668,3.277
2020-09-27 00:00:00-05:00,17.73125,12.9,0.0,3.0999999999999996,6.0,1.0,11.559999999999999,0.68,1.43,1.9,40.06,4.415333333333334,3.277
2020-09-28 00:00:00-05:00,17.310416666666665,12.4,0.0,3.1999999999999997,30.0,1.0,5.76,0.68,1.48,1.83,40.06,1.1655,2.8914999999999997
2020-09-29 00:00:00-05:00,16.959166666666665,12.3,0.0,3.1,28.0,1.0,9.610000000000001,0.68,1.49,1.74,39.03,10.49925,3.0380000000000003
2020-09-30 00:00:00-05:00,17.442083333333333,12.4,0.0,2.5999999999999996,24.0,1.0,13.690000000000001,0.68,1.5,1.66,40.05,16.6176,3.033
2020-10-01 00:00:00-05:00,15.256666666666668,12.7,0.0,2.5,16.0,1.0,12.25,0.79,1.48,1.66,40.05,13.943,3.204
2020-10-02 00:00:00-05:00,14.17375,13.2,0.0,2.5999999999999996,5.0,1.0,9.610000000000001,0.79,1.48,1.41,40.05,7.174833333333332,2.91675
2020-10-03 00:00:00-05:00,13.235,13.3,0.0,2.9000000000000004,4.0,1.0,6.760000000000001,0.79,1.48,1.41,40.05,7.714688888888888,2.91675
2020-10-04 00:00:00-05:00,15.835416666666667,13.3,0.0,2.7,7.0,1.0,8.41,0.79,1.48,1.41,40.05,8.254544444444443,2.91675
2020-10-05 00:00:00-05:00,13.699583333333335,13.5,0.0,2.7,5.0,1.0,9.610000000000001,0.79,1.52,1.92,39.12,8.7944,3.0229999999999997
2020-10-06 00:00:00-05:00,19.543333333333333,13.5,0.0,2.5,4.0,1.0,4.41,0.79,1.51,1.86,39.12,11.231750000000002,3.012
2020-10-07 00:00:00-05:00,21.542916666666667,13.4,0.0,2.9999999999999996,8.0,1.0,6.25,0.79,1.54,2.01,39.82,7.641666666666666,3.07425
2020-10-08 00:00:00-05:00,21.089166666666667,12.9,0.0,2.8999999999999995,39.0,1.0,7.839999999999999,0.79,1.56,1.49,39.82,1.02425,2.963
2020-10-09 00:00:00-05:00,19.517500000000002,12.8,0.0,2.6,53.0,1.0,10.889999999999999,0.79,1.56,2.25,39.82,11.319,3.0973333333333333
2020-10-10 00:00:00-05:00,35.077083333333334,12.9,0.0,2.0999999999999996,48.0,1.0,10.889999999999999,0.79,1.56,2.25,39.82,12.2065,3.0973333333333333
2020-10-11 00:00:00-05:00,26.018333333333334,13.5,0.0,1.7000000000000002,36.0,1.0,8.41,0.79,1.56,2.25,39.82,13.094,3.0973333333333333
2020-10-12 00:00:00-05:00,32.298750000000005,14.3,0.0,1.5,15.0,1.0,9.0,0.79,1.56,2.31,39.22,13.981499999999999,3.227
2020-10-13 00:00:00-05:00,23.807916666666667,14.4,0.0,-0.9999999999999996,43.0,1.0,6.760000000000001,0.79,1.52,2.14,40.03,14.089333333333334,3.2055
2020-10-14 00:00:00-05:00,24.45875,14.5,0.0,0.2999999999999998,27.0,1.0,6.760000000000001,0.79,1.52,2.02,40.03,11.325,3.2716666666666665
2020-10-15 00:00:00-05:00,28.317916666666665,14.0,0.0,-0.7999999999999998,36.0,0.0,5.289999999999999,0.79,1.52,2.23,40.03,1.202,3.1967499999999998
2020-10-16 00:00:00-05:00,22.4525,14.2,0.0,-1.6000000000000005,53.0,1.0,6.25,0.79,1.53,2.16,40.7,16.9846,3.2032499999999997
2020-10-17 00:00:00-05:00,18.00916666666667,14.8,0.0,-0.7999999999999998,35.0,1.0,4.0,0.79,1.53,2.16,40.7,15.008733333333334,3.2032499999999997
2020-10-18 00:00:00-05:00,29.360416666666666,15.2,0.0,-0.20000000000000018,27.0,1.0,14.44,0.79,1.53,2.16,40.7,13.032866666666665,3.2032499999999997
2020-10-19 00:00:00-05:00,39.62083333333333,15.2,0.0,-1.0,20.0,1.0,20.25,0.79,1.53,2.3,40.7,11.056999999999999,3.1493333333333333
2020-10-20 00:00:00-05:00,25.77,16.4,0.0,-1.7999999999999998,9.0,1.0,5.289999999999999,0.79,1.53,2.57,41.37,28.066666666666663,3.152
2020-10-21 00:00:00-05:00,28.005416666666665,16.5,0.0,-0.7000000000000002,24.0,1.0,4.0,0.79,1.56,2.95,41.37,20.652,3.307
2020-10-22 00:00:00-05:00,32.5,16.2,0.0,-1.5999999999999999,16.0,1.0,15.209999999999999,0.79,1.68,2.95,40.46,10.97525,3.2116666666666664
2020-10-23 00:00:00-05:00,34.494166666666665,16.4,0.0,-1.4,1.0,1.0,9.610000000000001,0.79,1.66,2.91,40.46,1.15225,3.19325
2020-10-24 00:00:00-05:00,25.984166666666667,15.4,0.0,-0.19999999999999973,10.0,1.0,8.41,0.79,1.66,2.91,40.46,1.1745,3.19325
2020-10-25 00:00:00-05:00,22.675,15.3,0.0,-0.5,31.0,1.0,19.360000000000003,0.79,1.66,2.91,40.46,1.19675,3.19325
2020-10-26 00:00:00-05:00,27.18958333333333,16.4,0.0,-1.7999999999999998,16.0,1.0,39.69,0.79,1.63,3.14,40.46,1.219,3.2159999999999997
2020-10-27 00:00:00-05:00,31.84875,17.2,0.0,-2.8,52.0,1.0,16.0,0.79,1.64,3.07,40.46,1.114,3.251333333333333
2020-10-28 00:00:00-05:00,36.700833333333335,17.4,0.0,-7.4,97.0,0.0,32.49,0.79,1.61,3.14,40.46,1.0139999999999998,3.26525
2020-10-29 00:00:00-05:00,29.074166666666667,16.7,0.0,-7.8999999999999995,97.0,0.0,21.159999999999997,0.79,1.61,3.06,40.46,18.7925,3.3287500000000003
2020-10-30 00:00:00-05:00,30.49083333333333,16.1,0.0,-7.699999999999999,94.0,0.0,16.81,0.79,1.59,3.03,40.46,12.847,3.351333333333333
2020-10-31 00:00:00-05:00,27.155416666666667,15.1,0.0,-4.1,52.0,0.0,17.64,0.79,1.59,3.03,40.46,11.383266666666666,3.351333333333333
2020-11-01 00:00:00-05:00,29.4048,15.4,0.0,-1.6,35.0,1.0,7.839999999999999,0.87,1.59,3.03,40.46,9.919533333333334,3.351333333333333
2020-11-02 00:00:00-06:00,33.77625,16.0,0.0,-1.0,19.0,1.0,16.81,0.87,1.6,3.03,40.46,8.4558,3.2925
2020-11-03 00:00:00-06:00,23.547083333333333,17.5,0.0,-1.9,10.0,1.0,34.81,0.87,1.62,2.88,37.44,25.558999999999997,3.119
2020-11-04 00:00:00-06:00,24.95125,20.3,0.0,-4.3,2.0,1.0,33.64,0.87,1.56,2.63,38.97,19.767,3.102
2020-11-05 00:00:00-06:00,31.14916666666667,22.7,0.0,-7.5,13.0,1.0,28.09,0.87,1.55,2.69,38.97,1.1179999999999999,2.9595000000000002
2020-11-06 00:00:00-06:00,31.62375,22.5,0.0,-10.1,41.0,1.0,24.010000000000005,0.87,1.54,2.67,36.97,19.1515,2.9896666666666665
2020-11-07 00:00:00-06:00,21.77125,21.1,0.0,-10.3,39.0,0.0,42.25,0.87,1.54,2.67,36.97,13.170166666666667,2.9896666666666665
2020-11-08 00:00:00-06:00,21.185416666666665,22.8,0.0,-13.399999999999999,100.0,0.0,88.36000000000001,0.87,1.54,2.67,36.97,7.188833333333333,2.9896666666666665
2020-11-09 00:00:00-06:00,28.3575,23.6,0.0,-16.6,100.0,0.0,60.839999999999996,0.87,1.63,2.63,36.97,1.2075,2.934
2020-11-10 00:00:00-06:00,41.85958333333333,22.1,0.0,-13.9,100.0,0.0,44.89,0.87,1.69,2.74,36.97,1.162,3.0210000000000004
2020-11-11 00:00:00-06:00,35.94083333333334,21.5,0.0,-12.7,100.0,0.0,44.89,0.87,1.69,2.75,41.23,21.585749999999997,3.081
2020-11-12 00:00:00-06:00,34.471250000000005,19.7,0.0,-11.299999999999999,96.0,0.0,28.09,0.87,1.63,2.81,40.9,21.008,3.024
2020-11-13 00:00:00-06:00,35.51625,19.2,0.0,-10.0,92.0,0.0,20.25,0.87,1.64,2.82,40.9,7.8875,3.0380000000000003
2020-11-14 00:00:00-06:00,30.12708333333333,18.9,0.0,-10.1,89.0,0.0,30.25,0.87,1.64,2.82,40.9,8.966833333333334,3.0380000000000003
2020-11-15 00:00:00-06:00,25.221249999999998,18.2,0.0,-9.6,95.0,0.0,16.0,0.87,1.64,2.82,40.9,10.046166666666668,3.0380000000000003
2020-11-16 00:00:00-06:00,25.8125,20.9,0.0,-9.5,39.0,1.0,49.0,0.87,1.64,2.62,41.14,11.1255,2.779666666666667
2020-11-17 00:00:00-06:00,23.467083333333335,23.0,0.0,-9.8,7.0,1.0,32.49,0.87,1.63,2.55,41.14,11.3095,2.7709999999999995
2020-11-18 00:00:00-06:00,23.075,24.6,0.0,-9.8,6.0,1.0,25.0,0.87,1.63,2.37,41.14,11.4935,2.78375
2020-11-19 00:00:00-06:00,22.767083333333332,25.6,0.0,-11.0,4.0,1.0,40.96000000000001,0.87,1.62,2.19,41.14,0.9135,2.657
2020-11-20 00:00:00-06:00,20.5425,26.0,0.0,-11.4,2.0,1.0,32.49,0.87,1.61,2.19,41.99,17.8728,2.725
2020-11-21 00:00:00-06:00,20.406666666666666,25.5,0.0,-9.1,10.0,1.0,19.360000000000003,0.87,1.61,2.19,41.99,17.041922222222222,2.725
2020-11-22 00:00:00-06:00,20.520833333333332,27.5,0.0,-13.3,24.0,1.0,22.090000000000003,0.87,1.61,2.19,41.99,16.211044444444447,2.725
2020-11-23 00:00:00-06:00,18.945833333333333,28.1,0.0,-14.7,15.0,1.0,27.040000000000003,0.87,1.62,2.23,42.91,15.380166666666668,2.77275
2020-11-24 00:00:00-06:00,18.662499999999998,28.5,0.0,-15.3,40.0,1.0,50.41,0.87,1.65,2.47,44.71,12.174000000000001,2.84025
2020-11-25 00:00:00-06:00,19.73875,29.7,0.0,-17.7,40.0,0.0,82.80999999999999,0.87,1.67,2.47,44.71,1.2576,2.9145
2020-11-26 00:00:00-06:00,17.860833333333332,28.3,0.0,-16.700000000000003,8.0,0.0,82.80999999999999,0.87,1.67,2.47,44.71,46.32,2.9145
2020-11-27 00:00:00-06:00,18.575416666666666,26.3,0.0,-12.5,22.0,1.0,57.76,0.87,1.67,2.47,44.71,46.88,2.9145
2020-11-28 00:00:00-06:00,21.80333333333333,30.4,0.0,-20.8,100.0,0.0,59.290000000000006,0.87,1.67,2.47,44.71,36.755,2.9145
2020-11-29 00:00:00-06:00,18.38,31.5,0.0,-23.7,85.0,0.0,60.839999999999996,0.87,1.67,2.47,44.71,26.63,2.9145
2020-11-30 00:00:00-06:00,22.30541666666667,29.1,0.0,-17.1,60.0,1.0,47.61000000000001,0.87,1.68,2.89,44.71,16.505,2.81175
2020-12-01 00:00:00-06:00,24.37291666666667,29.8,0.0,-17.6,66.0,0.0,54.760000000000005,0.93,1.72,2.89,44.54,9.844199999999997,2.801
2020-12-02 00:00:00-06:00,21.495833333333334,26.8,0.0,-13.4,11.0,1.0,30.25,0.93,1.76,2.89,44.54,16.887999999999998,2.7504999999999997
2020-12-03 00:00:00-06:00,24.73,27.3,0.0,-13.700000000000001,21.0,1.0,26.009999999999998,0.93,1.78,2.46,44.54,16.991666666666664,2.4993333333333334
2020-12-04 00:00:00-06:00,22.544166666666666,27.6,0.0,-13.8,21.0,1.0,26.009999999999998,0.93,1.83,2.48,46.23,10.1482,2.5446666666666666
2020-12-05 00:00:00-06:00,21.8625,27.0,0.0,-11.2,1.0,1.0,12.25,0.93,1.83,2.48,46.23,14.605633333333333,2.5446666666666666
2020-12-06 00:00:00-06:00,19.635833333333334,26.7,0.0,-11.899999999999999,8.0,1.0,18.49,0.93,1.83,2.48,46.23,19.063066666666664,2.5446666666666666
2020-12-07 00:00:00-06:00,23.33125,27.6,0.0,-15.6,77.0,0.0,34.81,0.93,1.84,2.39,45.72,23.5205,2.42075
2020-12-08 00:00:00-06:00,20.122083333333332,30.2,0.0,-18.4,78.0,0.0,56.25,0.93,1.84,2.39,45.72,1.33,2.417
2020-12-09 00:00:00-06:00,18.136666666666667,30.2,0.0,-17.4,66.0,0.0,68.89000000000001,0.93,1.84,2.45,45.48,12.3795,2.4539999999999997
2020-12-10 00:00:00-06:00,17.690833333333334,28.1,0.0,-14.1,25.0,1.0,56.25,0.93,1.83,2.45,45.48,1.282,2.56525
2020-12-11 00:00:00-06:00,19.290833333333335,27.5,0.0,-14.1,47.0,0.0,59.290000000000006,0.93,1.82,2.54,45.48,1.3723333333333334,2.59675
2020-12-12 00:00:00-06:00,19.709166666666665,26.5,0.0,-12.9,3.0,1.0,50.41,0.93,1.82,2.54,45.48,1.4155555555555557,2.59675
2020-12-13 00:00:00-06:00,19.335416666666667,26.2,0.0,-12.0,4.0,1.0,33.64,0.93,1.82,2.54,45.48,1.4587777777777777,2.59675
2020-12-14 00:00:00-06:00,24.00708333333333,27.5,0.0,-13.7,1.0,1.0,54.760000000000005,0.93,1.84,2.69,45.48,1.502,2.6704999999999997
2020-12-15 00:00:00-06:00,22.207916666666666,28.4,0.0,-14.4,15.0,1.0,62.410000000000004,0.93,1.86,2.63,45.48,1.453,2.6735
2020-12-16 00:00:00-06:00,26.260833333333334,28.7,0.0,-15.5,7.0,1.0,49.0,0.93,1.9,2.63,45.48,17.904333333333334,2.6774999999999998
2020-12-17 00:00:00-06:00,23.424166666666665,28.5,0.0,-14.5,3.0,1.0,31.359999999999996,0.93,1.9,2.7,48.34,25.4185,2.63175
2020-12-18 00:00:00-06:00,20.89125,28.8,0.0,-15.600000000000001,3.0,1.0,39.69,0.93,1.92,2.73,48.34,1.495,2.67825
2020-12-19 00:00:00-06:00,21.755,29.9,0.0,-16.9,36.0,1.0,49.0,0.93,1.92,2.73,48.34,1.4060000000000001,2.67825
2020-12-20 00:00:00-06:00,22.349999999999998,31.8,0.0,-24.6,100.0,0.0,62.410000000000004,0.93,1.92,2.73,48.34,1.317,2.67825
2020-12-21 00:00:00-06:00,22.125,31.1,0.0,-23.1,99.0,0.0,53.29,0.93,1.9,2.68,48.34,1.228,2.686666666666667
2020-12-22 00:00:00-06:00,19.19666666666667,32.2,0.0,-21.0,69.0,0.0,67.24,0.93,1.92,2.76,47.02,24.742,2.751333333333333
2020-12-23 00:00:00-06:00,18.560416666666665,31.7,0.0,-19.7,41.0,1.0,92.16,0.93,1.93,2.76,47.94,10.625399999999999,2.588
2020-12-24 00:00:00-06:00,22.72458333333333,29.4,0.0,-15.8,9.0,1.0,59.290000000000006,0.93,1.92,2.68,48.18,48.18,2.5115
2020-12-25 00:00:00-06:00,22.16333333333333,29.1,0.0,-15.5,33.0,1.0,32.49,0.93,1.92,2.68,48.18,36.48815,2.5115
2020-12-26 00:00:00-06:00,17.93375,31.3,0.0,-23.700000000000003,94.0,0.0,53.29,0.93,1.92,2.68,48.18,24.7963,2.5115
2020-12-27 00:00:00-06:00,17.77541666666667,32.9,0.0,-20.7,52.0,0.0,84.63999999999999,0.93,1.92,2.68,48.18,13.10445,2.5115
2020-12-28 00:00:00-06:00,20.821666666666665,32.3,0.0,-20.1,21.0,1.0,90.25,0.93,1.92,2.39,48.18,1.4126,2.32925
2020-12-29 00:00:00-06:00,18.00916666666667,32.3,0.0,-20.1,37.0,0.0,110.25,0.93,1.9,2.4,48.18,25.8965,2.4530000000000003
2020-12-30 00:00:00-06:00,19.096666666666668,34.2,0.0,-23.0,78.0,0.0,118.81,0.93,1.92,2.36,48.18,1.419,2.422
2020-12-31 00:00:00-06:00,25.469583333333333,34.2,0.0,-23.2,83.0,0.0,106.09000000000002,0.93,1.95,2.39,48.18,1.29525,2.544
2021-01-01 00:00:00-06:00,20.68583333333333,33.8,0.0,-22.8,96.0,0.0,96.04000000000002,1.08,1.95,2.39,48.18,5.3946875,2.544
2021-01-02 00:00:00-06:00,19.815416666666668,33.9,0.0,-22.1,93.0,0.0,96.04000000000002,1.08,1.95,2.39,48.18,9.494124999999999,2.544
2021-01-03 00:00:00-06:00,18.04125,32.9,0.0,-21.1,98.0,0.0,94.08999999999999,1.08,1.95,2.39,48.18,13.593562499999997,2.544
2021-01-04 00:00:00-06:00,19.805833333333336,31.6,0.0,-18.8,91.0,0.0,88.36000000000001,1.08,1.98,2.6,48.18,17.692999999999998,2.5829999999999997
2021-01-05 00:00:00-06:00,19.387083333333333,27.6,0.0,-13.0,17.0,1.0,43.559999999999995,1.08,2.01,2.77,49.78,34.803666666666665,2.687666666666667
2021-01-06 00:00:00-06:00,16.505416666666665,26.7,0.0,-11.1,3.0,1.0,30.25,1.08,2.04,2.76,50.45,9.645833333333334,2.6950000000000003
2021-01-07 00:00:00-06:00,20.549166666666668,26.8,0.0,-12.200000000000001,21.0,1.0,36.0,1.08,2.09,2.81,50.63,17.898333333333333,2.6935000000000002
2021-01-08 00:00:00-06:00,24.37291666666667,26.8,0.0,-12.0,10.0,1.0,31.359999999999996,1.08,2.07,2.77,50.63,12.336,2.67375
2021-01-09 00:00:00-06:00,21.750416666666666,27.1,0.0,-12.3,7.0,1.0,31.359999999999996,1.08,2.07,2.77,50.63,8.731333333333334,2.67375
2021-01-10 00:00:00-06:00,26.621666666666666,27.1,0.0,-12.3,19.0,1.0,33.64,1.08,2.07,2.77,50.63,5.126666666666667,2.67375
2021-01-11 00:00:00-06:00,31.825416666666666,27.6,0.0,-13.8,19.0,1.0,27.040000000000003,1.08,2.04,2.71,50.63,1.522,2.718
2021-01-12 00:00:00-06:00,25.77541666666667,26.9,0.0,-11.9,17.0,1.0,17.64,1.08,2.06,2.71,50.63,14.96275,2.71875
2021-01-13 00:00:00-06:00,20.7025,28.4,0.0,-19.0,99.0,0.0,40.96000000000001,1.08,2.04,2.82,50.63,1.341,2.707666666666667
2021-01-14 00:00:00-06:00,21.442916666666665,30.7,0.0,-24.299999999999997,95.0,0.0,65.61,1.08,2.09,2.82,50.63,1.502,2.6475
2021-01-15 00:00:00-06:00,22.656666666666666,29.5,0.0,-18.9,48.0,1.0,50.41,1.08,2.09,2.86,50.63,14.815249999999999,2.718666666666667
2021-01-16 00:00:00-06:00,25.230416666666667,28.7,0.0,-16.9,66.0,0.0,37.209999999999994,1.08,2.09,2.86,50.63,27.94683333333333,2.718666666666667
2021-01-17 00:00:00-06:00,23.425416666666667,31.3,0.0,-23.5,94.0,0.0,60.839999999999996,1.08,2.09,2.86,50.63,41.07841666666667,2.718666666666667
2021-01-18 00:00:00-06:00,19.787499999999998,30.4,0.0,-18.4,19.0,1.0,39.69,1.08,2.09,2.86,50.63,54.21,2.718666666666667
2021-01-19 00:00:00-06:00,20.164166666666667,28.5,0.0,-13.5,1.0,1.0,15.209999999999999,1.08,2.12,2.65,50.63,1.4925000000000002,2.55625
2021-01-20 00:00:00-06:00,23.765833333333333,28.3,0.0,-13.5,0.0,1.0,16.0,1.08,2.15,2.57,50.63,1.541,2.56025
2021-01-21 00:00:00-06:00,19.36375,28.1,0.0,-16.9,77.0,1.0,25.0,1.08,2.18,2.49,53.0,18.689,2.5370000000000004
2021-01-22 00:00:00-06:00,21.047083333333333,29.9,0.0,-21.1,70.0,0.0,44.89,1.08,2.16,2.45,53.0,1.3073333333333335,2.4905
2021-01-23 00:00:00-06:00,19.69125,30.7,0.0,-17.9,16.0,1.0,64.0,1.08,2.16,2.45,53.0,7.105222222222222,2.4905
2021-01-24 00:00:00-06:00,19.626250000000002,30.0,0.0,-17.4,1.0,1.0,70.56,1.08,2.16,2.45,53.0,12.903111111111112,2.4905
2021-01-25 00:00:00-06:00,18.5725,30.1,0.0,-17.9,4.0,1.0,65.61,1.08,2.15,2.63,52.78,18.701,2.6262499999999998
2021-01-26 00:00:00-06:00,21.900833333333335,30.5,0.0,-17.9,7.0,1.0,68.89000000000001,1.08,2.15,2.73,52.78,1.3306666666666667,2.673
2021-01-27 00:00:00-06:00,22.873333333333335,30.0,0.0,-17.6,12.0,1.0,82.80999999999999,1.08,2.15,2.77,52.78,12.215,2.73325
2021-01-28 00:00:00-06:00,24.1125,33.6,0.0,-21.6,57.0,0.0,114.48999999999998,1.08,2.18,2.76,52.26,26.872,2.69975
2021-01-29 00:00:00-06:00,21.785416666666666,33.3,0.0,-20.5,31.0,1.0,68.89000000000001,1.08,2.21,2.68,52.16,18.438999999999997,2.593666666666667
2021-01-30 00:00:00-06:00,15.431666666666667,30.8,0.0,-17.4,25.0,1.0,22.090000000000003,1.08,2.21,2.68,52.16,16.48073333333333,2.593666666666667
2021-01-31 00:00:00-06:00,20.13375,32.2,0.0,-21.6,60.0,1.0,49.0,1.08,2.21,2.68,52.16,14.522466666666665,2.593666666666667
2021-02-01 00:00:00-06:00,24.25708333333333,31.9,0.0,-19.7,38.0,1.0,77.44000000000001,1.26,2.18,2.88,52.16,12.5642,2.8475
2021-02-02 00:00:00-06:00,22.0275,32.0,0.0,-21.0,56.0,0.0,86.49000000000001,1.26,2.23,2.88,52.16,1.3965,2.8472500000000003
2021-02-03 00:00:00-06:00,21.139583333333334,31.4,0.0,-18.6,19.0,1.0,86.49000000000001,1.26,2.27,3.01,55.67,15.1405,2.80075
2021-02-04 00:00:00-06:00,18.453333333333333,30.6,0.0,-17.0,17.0,1.0,62.410000000000004,1.26,2.25,3.01,55.67,1.2735,2.9175
2021-02-05 00:00:00-06:00,23.991666666666664,30.5,0.0,-17.3,39.0,1.0,62.410000000000004,1.26,2.28,3.49,55.67,1.62,2.8723333333333336
2021-02-06 00:00:00-06:00,24.16208333333333,30.9,0.0,-19.3,33.0,1.0,46.239999999999995,1.26,2.28,3.49,55.67,14.393444444444444,2.8723333333333336
2021-02-07 00:00:00-06:00,20.925,30.8,0.0,-21.8,78.0,0.0,51.84,1.26,2.28,3.49,55.67,27.16688888888889,2.8723333333333336
2021-02-08 00:00:00-06:00,24.76125,32.5,0.0,-24.9,100.0,0.0,67.24,1.26,2.31,3.49,57.95,39.940333333333335,2.8949999999999996
2021-02-09 00:00:00-06:00,27.23375,31.7,0.0,-23.5,60.0,0.0,62.410000000000004,1.26,2.31,3.35,57.95,1.694,2.8575
2021-02-10 00:00:00-06:00,31.894583333333333,29.0,0.0,-18.6,29.0,1.0,33.64,1.26,2.31,3.76,57.95,16.543499999999998,2.9135
2021-02-11 00:00:00-06:00,47.46958333333333,30.7,0.0,-18.5,62.0,0.0,56.25,1.26,2.32,6.5,57.95,1.554,2.8499999999999996
2021-02-12 00:00:00-06:00,138.00125,29.4,0.0,-16.2,60.0,1.0,47.61000000000001,1.26,2.35,6.5,57.95,32.0655,2.9105
2021-02-13 00:00:00-06:00,1181.71625,30.0,0.0,-19.6,94.0,0.0,53.29,1.26,2.35,6.5,57.95,39.066625,2.9105
2021-02-14 00:00:00-06:00,3929.76625,27.2,0.0,-14.6,15.0,1.0,20.25,1.26,2.35,6.5,57.95,46.067750000000004,2.9105
2021-02-15 00:00:00-06:00,6604.3625,27.2,0.0,-12.799999999999999,4.0,1.0,22.090000000000003,1.26,2.35,6.5,57.95,53.068875,2.9105
2021-02-16 00:00:00-06:00,6938.69875,27.5,0.0,-12.9,3.0,1.0,17.64,1.26,2.37,6.5,60.07,60.07,3.0125
2021-02-17 00:00:00-06:00,8820.33375,27.6,0.0,-13.0,2.0,1.0,25.0,1.26,2.35,23.86,60.07,1.8419999999999999,3.091
2021-02-18 00:00:00-06:00,8093.538333333334,26.9,0.0,-12.5,8.0,1.0,18.49,1.26,2.29,8.56,60.07,22.258666666666667,3.0096666666666665
2021-02-19 00:00:00-06:00,5282.602916666667,27.2,0.0,-14.0,23.0,1.0,22.090000000000003,1.26,2.29,4.96,59.12,30.5125,3.02475
2021-02-20 00:00:00-06:00,85.41541666666666,29.0,0.0,-18.6,100.0,0.0,44.89,1.26,2.29,4.96,59.12,27.94811111111111,3.02475
2021-02-21 00:00:00-06:00,20.64125,29.2,0.0,-20.4,57.0,0.0,50.41,1.26,2.29,4.96,59.12,25.38372222222222,3.02475
2021-02-22 00:00:00-06:00,27.075833333333335,27.9,0.0,-18.9,98.0,0.0,49.0,1.26,2.35,3.16,59.12,22.819333333333333,2.964
2021-02-23 00:00:00-06:00,17.935416666666665,26.1,0.0,-13.1,23.0,1.0,25.0,1.26,2.35,2.94,59.12,1.9180000000000001,2.8885
2021-02-24 00:00:00-06:00,14.5725,25.6,0.0,-11.6,15.0,1.0,16.0,1.26,2.38,2.8,63.21,17.23025,2.829333333333333
2021-02-25 00:00:00-06:00,18.878333333333334,24.3,0.0,-10.899999999999999,32.0,1.0,12.96,1.26,2.34,2.72,63.21,1.816,2.83925
2021-02-26 00:00:00-06:00,22.036666666666665,23.4,0.0,-8.600000000000001,13.0,1.0,9.0,1.26,2.39,2.66,63.21,17.58,2.84025
2021-02-27 00:00:00-06:00,20.06416666666667,23.5,0.0,-6.9,3.0,1.0,5.76,1.26,2.39,2.66,63.21,20.434466666666665,2.84025
2021-02-28 00:00:00-06:00,16.180416666666666,23.0,0.0,-6.2,2.0,1.0,6.760000000000001,1.26,2.39,2.66,63.21,23.28893333333333,2.84025
2021-03-01 00:00:00-06:00,19.65875,23.6,0.0,-7.0,3.0,1.0,6.760000000000001,1.61,2.4,2.7,60.54,26.143399999999996,2.849
2021-03-02 00:00:00-06:00,25.917083333333334,24.5,0.0,-9.9,6.0,1.0,9.610000000000001,1.61,2.43,2.87,60.54,1.7993999999999999,2.8994999999999997
2021-03-03 00:00:00-06:00,22.992499999999996,23.8,0.0,-9.8,18.0,1.0,3.61,1.61,2.45,2.86,61.33,19.160571428571426,2.8533333333333335
2021-03-04 00:00:00-06:00,15.927916666666667,24.7,0.0,-9.1,2.0,1.0,3.61,1.61,2.43,2.79,63.81,17.13775,2.818
2021-03-05 00:00:00-06:00,18.076249999999998,24.8,0.0,-9.2,2.0,1.0,4.0,1.61,2.43,2.72,63.81,1.9234999999999998,2.76975
2021-03-06 00:00:00-06:00,23.832916666666666,24.6,0.0,-9.0,15.0,1.0,4.840000000000001,1.61,2.43,2.72,63.81,1.9178666666666664,2.76975
2021-03-07 00:00:00-06:00,18.761666666666667,23.7,0.0,-10.3,26.0,1.0,4.41,1.61,2.43,2.72,63.81,1.9122333333333332,2.76975
2021-03-08 00:00:00-06:00,21.190416666666668,23.7,0.0,-9.9,5.0,1.0,4.41,1.61,2.42,2.67,63.81,1.9065999999999999,2.73125
2021-03-09 00:00:00-06:00,15.3925,23.3,0.0,-8.9,26.0,1.0,3.24,1.61,2.41,2.62,64.02,22.61233333333333,2.72925
2021-03-10 00:00:00-06:00,28.533333333333335,23.2,0.0,-9.600000000000001,9.0,1.0,13.690000000000001,1.61,2.47,2.62,64.02,18.35175,2.76175
2021-03-11 00:00:00-06:00,32.10458333333333,22.5,0.0,-7.9,26.0,1.0,9.610000000000001,1.61,2.51,2.7,64.02,18.7585,2.737
2021-03-12 00:00:00-06:00,29.740416666666665,22.8,0.0,-10.2,87.0,0.0,33.64,1.61,2.51,2.65,65.59,34.69175,2.694
2021-03-13 00:00:00-06:00,24.179166666666664,21.3,0.0,-6.3,10.0,1.0,9.0,1.61,2.51,2.65,65.59,28.002699999999997,2.694
2021-03-14 00:00:00-06:00,20.983478260869564,22.0,0.0,-6.4,8.0,1.0,2.5600000000000005,1.61,2.51,2.65,65.59,21.313649999999996,2.694
2021-03-15 00:00:00-05:00,32.59041666666666,21.3,0.0,-8.7,31.0,1.0,5.289999999999999,1.61,2.54,2.58,65.36,14.624599999999997,2.572
2021-03-16 00:00:00-05:00,28.816666666666666,22.1,0.0,-7.8999999999999995,14.0,1.0,7.290000000000001,1.61,2.59,2.5,65.36,1.5324999999999998,2.6315
2021-03-17 00:00:00-05:00,27.52208333333333,22.4,0.0,-7.800000000000001,11.0,1.0,3.24,1.61,2.58,2.6,65.36,1.869,2.6053333333333333
2021-03-18 00:00:00-05:00,24.59166666666667,22.1,0.0,-7.3,12.0,1.0,7.839999999999999,1.61,2.5,2.45,65.36,13.840799999999998,2.54875
2021-03-19 00:00:00-05:00,29.833333333333332,22.0,0.0,-7.0,7.0,1.0,10.889999999999999,1.61,2.51,2.53,61.43,16.65475,2.60175
2021-03-20 00:00:00-05:00,21.991666666666664,22.9,0.0,-6.300000000000001,2.0,1.0,7.839999999999999,1.61,2.51,2.53,61.43,18.597277777777776,2.60175
2021-03-21 00:00:00-05:00,19.46375,23.1,0.0,-8.5,24.0,1.0,11.559999999999999,1.61,2.51,2.53,61.43,20.539805555555557,2.60175
2021-03-22 00:00:00-05:00,28.250416666666666,22.0,0.0,-8.8,40.0,0.0,13.690000000000001,1.61,2.51,2.55,61.43,22.482333333333333,2.625
2021-03-23 00:00:00-05:00,45.252916666666664,21.1,0.0,-8.5,46.0,0.0,16.0,1.61,2.48,2.56,61.43,1.421,2.5877499999999998
2021-03-24 00:00:00-05:00,30.352500000000003,21.5,0.0,-6.3,6.0,1.0,12.25,1.61,2.53,2.56,61.43,1.9153333333333336,2.5923333333333334
2021-03-25 00:00:00-05:00,41.0575,23.1,0.0,-8.3,7.0,1.0,23.04,1.61,2.54,2.52,61.43,1.71625,2.64925
2021-03-26 00:00:00-05:00,30.275833333333335,24.0,0.0,-10.2,43.0,1.0,25.0,1.61,2.57,2.52,61.43,63.77,2.658333333333333
2021-03-27 00:00:00-05:00,33.35666666666667,23.4,0.0,-14.4,97.0,0.0,37.209999999999994,1.61,2.57,2.52,61.43,43.10458333333334,2.658333333333333
2021-03-28 00:00:00-05:00,30.366666666666664,21.8,0.0,-9.8,45.0,1.0,17.64,1.61,2.57,2.52,61.43,22.439166666666665,2.658333333333333
2021-03-29 00:00:00-05:00,24.694999999999997,21.4,0.0,-9.6,15.0,1.0,4.0,1.61,2.56,2.52,61.43,1.7737500000000002,2.678
2021-03-30 00:00:00-05:00,30.437083333333334,22.5,0.0,-7.1,1.0,1.0,3.61,1.61,2.52,2.55,61.43,1.763,2.7005
2021-03-31 00:00:00-05:00,27.60083333333333,22.2,0.0,-5.2,2.0,1.0,6.25,1.61,2.54,2.52,59.19,9.88042857142857,2.6900000000000004
2021-04-01 00:00:00-05:00,24.627916666666668,23.0,0.0,-6.6,5.0,1.0,14.44,1.64,2.55,2.52,59.19,12.216333333333337,2.7197500000000003
2021-04-02 00:00:00-05:00,19.783333333333335,23.8,0.0,-8.8,3.0,1.0,21.159999999999997,1.64,2.58,2.52,59.19,9.600000000000001,2.7197500000000003
2021-04-03 00:00:00-05:00,19.26125,23.0,0.0,-8.2,26.0,1.0,23.04,1.64,2.58,2.52,59.19,6.983666666666668,2.7197500000000003
2021-04-04 00:00:00-05:00,22.2325,23.1,0.0,-8.7,22.0,1.0,12.96,1.64,2.58,2.52,59.19,4.367333333333334,2.7197500000000003
2021-04-05 00:00:00-05:00,22.403333333333332,22.2,0.0,-12.0,99.0,0.0,26.009999999999998,1.64,2.55,2.52,59.19,1.751,2.642333333333333
2021-04-06 00:00:00-05:00,19.65625,20.7,0.0,-9.100000000000001,37.0,1.0,13.690000000000001,1.64,2.52,2.52,59.34,21.177,2.6013333333333333
2021-04-07 00:00:00-05:00,38.670833333333334,20.1,0.0,-7.300000000000001,13.0,1.0,4.0,1.64,2.53,2.43,59.34,0.878,2.6235
2021-04-08 00:00:00-05:00,66.79583333333333,21.0,0.0,-6.4,8.0,1.0,9.0,1.64,2.55,2.47,59.61,16.23875,2.674
2021-04-09 00:00:00-05:00,28.625416666666666,20.9,0.0,-5.699999999999999,7.0,1.0,8.41,1.64,2.51,2.48,59.61,1.8353333333333335,2.6073333333333335
2021-04-10 00:00:00-05:00,28.4525,21.3,0.0,-5.9,6.0,1.0,9.610000000000001,1.64,2.51,2.48,59.61,1.7817555555555555,2.6073333333333335
2021-04-11 00:00:00-05:00,31.756666666666664,22.1,0.0,-7.1,11.0,1.0,15.209999999999999,1.64,2.51,2.48,59.61,1.7281777777777778,2.6073333333333335
2021-04-12 00:00:00-05:00,31.714166666666667,22.3,0.0,-6.5,3.0,1.0,7.290000000000001,1.64,2.52,2.5,59.61,1.6745999999999999,2.674
2021-04-13 00:00:00-05:00,41.29958333333334,22.1,0.0,-7.5,8.0,1.0,7.839999999999999,1.64,2.54,2.57,60.2,25.490000000000002,2.7247500000000002
2021-04-14 00:00:00-05:00,62.580000000000005,20.7,0.0,-8.3,45.0,1.0,20.25,1.64,2.56,2.65,60.2,1.5280000000000002,2.72225
2021-04-15 00:00:00-05:00,35.214999999999996,21.5,0.0,-8.1,18.0,1.0,20.25,1.64,2.55,2.62,63.42,17.264000000000003,2.7562499999999996
2021-04-16 00:00:00-05:00,30.772499999999997,19.9,0.0,-6.300000000000001,2.0,1.0,7.290000000000001,1.64,2.57,2.63,63.42,17.453500000000002,2.769
2021-04-17 00:00:00-05:00,34.84791666666667,20.2,0.0,-5.6,21.0,1.0,2.5600000000000005,1.64,2.57,2.63,63.42,17.643,2.769
2021-04-18 00:00:00-05:00,56.19625,20.6,0.0,-5.2,10.0,1.0,6.25,1.64,2.57,2.63,63.42,17.8325,2.769
2021-04-19 00:00:00-05:00,44.2125,21.3,0.0,-6.3,7.0,1.0,6.25,1.64,2.56,2.75,63.42,18.022,2.841
2021-04-20 00:00:00-05:00,31.89125,20.1,0.0,-6.300000000000001,49.0,1.0,10.240000000000002,1.64,2.52,2.76,63.42,33.038000000000004,2.8265000000000002
2021-04-21 00:00:00-05:00,29.985416666666666,19.1,0.0,-5.9,17.0,1.0,12.96,1.64,2.53,2.76,61.34,31.594,2.8046666666666664
2021-04-22 00:00:00-05:00,24.202916666666667,19.5,0.0,-4.7,10.0,1.0,12.25,1.64,2.42,2.77,61.34,17.72575,2.8505
2021-04-23 00:00:00-05:00,24.58125,20.7,0.0,-6.7,37.0,1.0,20.25,1.64,2.44,2.79,61.34,23.256333333333334,2.8355
2021-04-24 00:00:00-05:00,52.038333333333334,21.0,0.0,-7.6,48.0,1.0,30.25,1.64,2.44,2.79,61.34,26.423055555555557,2.8355
2021-04-25 00:00:00-05:00,24.25916666666667,21.0,0.0,-7.0,6.0,1.0,18.49,1.64,2.44,2.79,61.34,29.58977777777778,2.8355
2021-04-26 00:00:00-05:00,31.325,21.9,0.0,-7.9,54.0,1.0,34.81,1.64,2.47,2.73,62.02,32.7565,2.8930000000000002
2021-04-27 00:00:00-05:00,34.37708333333333,21.0,0.0,-7.8,19.0,0.0,38.440000000000005,1.64,2.51,2.91,63.03,22.363333333333333,2.955
2021-04-28 00:00:00-05:00,48.026250000000005,20.7,0.0,-12.100000000000001,44.0,0.0,40.96000000000001,1.64,2.54,2.98,63.03,2.036,2.9653333333333336
2021-04-29 00:00:00-05:00,42.212916666666665,20.8,0.0,-13.0,71.0,0.0,40.96000000000001,1.64,2.56,2.91,63.03,1.9669999999999999,2.9505
2021-04-30 00:00:00-05:00,39.22208333333334,18.8,0.0,-9.8,68.0,0.0,28.09,1.64,2.57,2.86,63.03,34.709500000000006,2.9659999999999997
2021-05-01 00:00:00-05:00,44.944583333333334,17.1,0.0,-6.5,24.0,1.0,9.610000000000001,1.62,2.57,2.86,63.03,23.748111111111115,2.9659999999999997
2021-05-02 00:00:00-05:00,33.24125,18.2,0.0,-6.0,26.0,1.0,13.690000000000001,1.62,2.57,2.86,63.03,12.786722222222224,2.9659999999999997
2021-05-03 00:00:00-05:00,49.09791666666666,18.1,0.0,-6.5,28.0,0.0,18.49,1.62,2.6,2.96,63.03,1.8253333333333333,2.994666666666667
2021-05-04 00:00:00-05:00,40.69583333333333,17.4,0.0,-5.800000000000001,14.0,1.0,14.44,1.62,2.62,2.96,63.03,1.9503333333333333,3.00075
2021-05-05 00:00:00-05:00,28.453333333333333,18.4,0.0,-4.4,3.0,1.0,7.290000000000001,1.62,2.68,2.99,65.63,28.2374,2.9724999999999997
2021-05-06 00:00:00-05:00,32.486666666666665,18.4,0.0,-3.1999999999999997,4.0,1.0,6.25,1.62,2.66,2.9,65.63,1.7665,2.9619999999999997
2021-05-07 00:00:00-05:00,30.346249999999998,19.0,0.0,-3.8,30.0,1.0,12.25,1.62,2.65,2.9,64.96,17.498,3.004
2021-05-08 00:00:00-05:00,29.900833333333335,17.2,0.0,-2.2,12.0,1.0,11.559999999999999,1.62,2.65,2.9,64.96,16.552666666666667,3.004
2021-05-09 00:00:00-05:00,33.19875,18.1,0.0,-2.7,16.0,1.0,8.41,1.62,2.65,2.9,64.96,15.607333333333335,3.004
2021-05-10 00:00:00-05:00,51.76125,17.7,0.0,-2.7,11.0,1.0,4.41,1.62,2.71,2.93,64.92,14.662,2.9636666666666667
2021-05-11 00:00:00-05:00,40.087916666666665,18.0,0.0,-1.2,2.0,1.0,7.290000000000001,1.62,2.68,2.91,64.92,35.4835,2.98875
2021-05-12 00:00:00-05:00,31.70875,18.1,0.0,-1.7000000000000002,1.0,1.0,10.240000000000002,1.62,2.72,2.91,64.92,18.965500000000002,3.00675
2021-05-13 00:00:00-05:00,27.984583333333333,18.4,0.0,-2.2,6.0,1.0,14.44,1.62,2.65,2.95,64.92,1.97775,3.0309999999999997
2021-05-14 00:00:00-05:00,25.190416666666668,18.3,0.0,-2.1,6.0,1.0,11.559999999999999,1.62,2.68,2.95,65.32,17.498999999999995,3.0069999999999997
2021-05-15 00:00:00-05:00,25.481666666666666,16.9,0.0,-2.3,19.0,1.0,8.41,1.62,2.68,2.95,65.32,15.86572222222222,3.0069999999999997
2021-05-16 00:00:00-05:00,27.31041666666667,16.2,0.0,-0.8,17.0,1.0,6.760000000000001,1.62,2.68,2.95,65.32,14.232444444444443,3.0069999999999997
2021-05-17 00:00:00-05:00,28.08541666666667,15.4,0.0,0.8,10.0,1.0,5.289999999999999,1.62,2.72,2.99,66.24,12.599166666666667,3.15
2021-05-18 00:00:00-05:00,26.77333333333333,15.0,0.0,0.7999999999999998,2.0,1.0,6.25,1.62,2.72,2.96,66.24,23.960333333333335,3.0836666666666672
2021-05-19 00:00:00-05:00,26.975416666666664,14.0,0.0,2.4,5.0,1.0,8.41,1.62,2.66,2.88,66.24,23.525333333333332,3.034333333333333
2021-05-20 00:00:00-05:00,23.666666666666668,13.3,0.0,2.9000000000000004,2.0,1.0,10.240000000000002,1.62,2.59,2.86,61.95,22.47083333333333,2.98125
2021-05-21 00:00:00-05:00,23.93958333333333,13.1,0.0,2.9000000000000004,8.0,1.0,10.240000000000002,1.62,2.62,2.84,61.95,23.634666666666664,2.968
2021-05-22 00:00:00-05:00,26.045833333333334,12.3,0.0,2.5,22.0,1.0,10.889999999999999,1.62,2.62,2.84,61.95,21.77811111111111,2.968
2021-05-23 00:00:00-05:00,20.743750000000002,12.5,0.0,2.7,12.0,1.0,9.0,1.62,2.62,2.84,61.95,19.921555555555553,2.968
2021-05-24 00:00:00-05:00,23.52625,13.1,0.0,2.7,10.0,1.0,12.25,1.62,2.64,2.78,66.13,18.064999999999998,2.9416666666666664
2021-05-25 00:00:00-05:00,25.290833333333335,13.3,0.0,2.5,3.0,1.0,12.25,1.62,2.63,2.87,66.13,2.0085,2.9675000000000002
2021-05-26 00:00:00-05:00,29.116249999999997,12.8,0.0,3.6,4.0,1.0,16.0,1.62,2.6,2.91,66.41,23.18166666666666,3.018666666666667
2021-05-27 00:00:00-05:00,28.246666666666666,13.1,0.0,2.9000000000000004,4.0,1.0,16.81,1.62,2.59,2.85,66.87,18.142500000000002,2.970333333333333
2021-05-28 00:00:00-05:00,31.18958333333333,12.7,0.0,3.5,9.0,1.0,16.81,1.62,2.57,2.91,66.87,18.875999999999998,3.003
2021-05-29 00:00:00-05:00,26.168333333333333,12.9,0.0,2.8999999999999995,2.0,1.0,16.81,1.62,2.57,2.91,66.87,14.591199999999997,3.003
2021-05-30 00:00:00-05:00,25.334166666666665,13.7,0.0,3.0999999999999996,2.0,1.0,6.760000000000001,1.62,2.57,2.91,66.87,10.306399999999998,3.003
2021-05-31 00:00:00-05:00,26.73875,13.3,0.0,2.3000000000000003,6.0,1.0,12.25,1.62,2.57,2.91,66.87,6.021599999999999,3.003
2021-06-01 00:00:00-05:00,29.386666666666667,12.9,0.0,2.4999999999999996,10.0,1.0,9.610000000000001,1.52,2.6,3.02,66.87,1.7368,3.1195000000000004
2021-06-02 00:00:00-05:00,25.285833333333333,12.9,0.0,3.4999999999999996,10.0,1.0,21.159999999999997,1.52,2.59,3.09,66.87,2.0993333333333335,3.0892500000000003
2021-06-03 00:00:00-05:00,25.977500000000003,12.5,0.0,2.3,18.0,1.0,11.559999999999999,1.52,2.56,3.01,66.87,1.954,3.0557499999999997
2021-06-04 00:00:00-05:00,24.297083333333333,12.7,0.0,2.9,7.0,1.0,4.0,1.52,2.54,3.01,66.87,2.116,3.1100000000000003
2021-06-05 00:00:00-05:00,23.299166666666665,12.9,0.0,2.8999999999999995,6.0,1.0,6.25,1.52,2.54,3.01,66.87,2.025916666666667,3.1100000000000003
2021-06-06 00:00:00-05:00,24.774166666666662,12.3,0.0,3.1,9.0,1.0,7.290000000000001,1.52,2.54,3.01,66.87,1.9358333333333335,3.1100000000000003
2021-06-07 00:00:00-05:00,29.11791666666667,12.7,0.0,4.1,3.0,1.0,7.290000000000001,1.52,2.51,3.01,66.87,1.8457500000000002,3.0862499999999997
2021-06-08 00:00:00-05:00,34.15208333333333,13.4,0.0,0.7999999999999998,2.0,1.0,15.209999999999999,1.52,2.47,3.11,70.11,19.089,3.13825
2021-06-09 00:00:00-05:00,31.81125,11.0,0.0,-0.40000000000000036,53.0,1.0,6.25,1.52,2.41,3.13,69.9,24.750333333333334,3.14175
2021-06-10 00:00:00-05:00,31.327916666666667,11.0,0.0,3.2,37.0,1.0,10.889999999999999,1.52,2.47,3.13,69.9,36.889500000000005,3.167333333333333
2021-06-11 00:00:00-05:00,28.16125,11.8,0.0,3.0,8.0,1.0,10.889999999999999,1.52,2.43,3.23,71.0,19.35825,3.3055
2021-06-12 00:00:00-05:00,38.19875,11.9,0.0,3.6999999999999997,12.0,1.0,15.209999999999999,1.52,2.43,3.23,71.0,17.428333333333335,3.3055
2021-06-13 00:00:00-05:00,51.64041666666666,10.8,0.0,4.0,17.0,1.0,17.64,1.52,2.43,3.23,71.0,15.498416666666667,3.3055
2021-06-14 00:00:00-05:00,57.98208333333333,10.5,0.0,4.9,20.0,1.0,17.64,1.52,2.44,3.36,70.94,13.5685,3.36025
2021-06-15 00:00:00-05:00,282.16333333333336,10.3,0.0,5.1,20.0,1.0,20.25,1.52,2.46,3.36,70.94,1.8958333333333333,3.2495000000000003
2021-06-16 00:00:00-05:00,89.01041666666667,10.7,0.0,4.699999999999999,7.0,1.0,18.49,1.52,2.41,3.25,72.03,19.554000000000002,3.2645
2021-06-17 00:00:00-05:00,41.21458333333333,11.1,0.0,3.7,9.0,1.0,19.360000000000003,1.52,2.31,3.24,72.03,1.694,3.263333333333333
2021-06-18 00:00:00-05:00,38.34583333333333,11.3,0.0,3.5,17.0,1.0,24.010000000000005,1.52,2.37,3.23,72.03,2.0575,3.2275
2021-06-19 00:00:00-05:00,43.187916666666666,11.6,0.0,3.6000000000000005,22.0,1.0,25.0,1.52,2.37,3.23,72.03,14.064083333333333,3.2275
2021-06-20 00:00:00-05:00,30.83458333333333,11.3,0.0,4.300000000000001,26.0,1.0,18.49,1.52,2.37,3.23,72.03,26.070666666666668,3.2275
2021-06-21 00:00:00-05:00,28.430000000000003,10.9,0.0,4.5,25.0,1.0,18.49,1.52,2.41,3.15,73.64,38.07725,3.206
2021-06-22 00:00:00-05:00,30.572083333333335,10.7,0.0,4.3,14.0,1.0,18.49,1.52,2.46,3.21,73.15,12.250714285714285,3.2716666666666665
2021-06-23 00:00:00-05:00,31.37291666666667,10.7,0.0,4.3,17.0,1.0,16.81,1.52,2.49,3.36,73.15,7.127023809523809,3.3426666666666667
2021-06-24 00:00:00-05:00,33.28666666666667,11.0,0.0,4.4,18.0,1.0,15.209999999999999,1.52,2.45,3.3,73.15,2.0033333333333334,3.423
2021-06-25 00:00:00-05:00,32.79875,10.8,0.0,4.6,18.0,1.0,19.360000000000003,1.52,2.46,3.4,74.21,16.3484,3.508
2021-06-26 00:00:00-05:00,31.997083333333332,10.5,0.0,4.7,14.0,1.0,17.64,1.52,2.46,3.4,74.21,16.2616,3.508
2021-06-27 00:00:00-05:00,36.97833333333333,9.9,0.0,5.1,15.0,1.0,11.559999999999999,1.52,2.46,3.4,74.21,16.1748,3.508
2021-06-28 00:00:00-05:00,31.04875,9.8,0.0,5.799999999999999,9.0,1.0,10.889999999999999,1.52,2.45,3.62,72.98,16.088,3.5895
2021-06-29 00:00:00-05:00,30.4025,10.4,0.0,5.6,4.0,1.0,10.889999999999999,1.52,2.46,3.62,72.98,2.0516666666666663,3.6222499999999997
2021-06-30 00:00:00-05:00,34.87625,10.9,0.0,5.5,4.0,1.0,17.64,1.52,2.47,3.79,73.52,25.938333333333333,3.63775
2021-07-01 00:00:00-05:00,38.64458333333334,11.4,0.0,4.8,1.0,1.0,7.839999999999999,1.32,2.49,3.76,73.52,1.9816666666666667,3.6400000000000006
2021-07-02 00:00:00-05:00,38.15291666666666,12.4,0.0,4.6,1.0,1.0,7.839999999999999,1.32,2.49,3.67,73.52,2.151,3.675666666666667
2021-07-03 00:00:00-05:00,31.249583333333334,11.7,0.0,4.699999999999999,1.0,1.0,13.690000000000001,1.32,2.49,3.67,73.52,27.547333333333334,3.675666666666667
2021-07-04 00:00:00-05:00,30.350416666666664,11.5,0.0,4.9,4.0,1.0,10.889999999999999,1.32,2.49,3.67,73.52,52.94366666666667,3.675666666666667
2021-07-05 00:00:00-05:00,30.42125,10.9,0.0,5.3,5.0,1.0,5.76,1.32,2.49,3.67,73.52,78.34,3.675666666666667
2021-07-06 00:00:00-05:00,32.875,10.5,0.0,5.1,16.0,1.0,11.559999999999999,1.32,2.48,3.68,73.62,19.74925,3.622
2021-07-07 00:00:00-05:00,32.308749999999996,10.3,0.0,6.1,5.0,1.0,21.159999999999997,1.32,2.43,3.66,72.22,25.852666666666668,3.5947500000000003
2021-07-08 00:00:00-05:00,35.88375,10.9,0.0,4.5,2.0,1.0,24.010000000000005,1.32,2.38,3.56,72.22,2.128,3.68625
2021-07-09 00:00:00-05:00,33.084583333333335,11.4,0.0,3.9999999999999996,0.0,1.0,14.44,1.32,2.44,3.56,72.22,2.09375,3.6833333333333336
2021-07-10 00:00:00-05:00,28.629166666666666,11.8,0.0,4.4,10.0,1.0,4.840000000000001,1.32,2.44,3.56,72.22,6.8319,3.6833333333333336
2021-07-11 00:00:00-05:00,36.467083333333335,11.4,0.0,4.3999999999999995,31.0,1.0,12.25,1.32,2.44,3.56,72.22,11.57005,3.6833333333333336
2021-07-12 00:00:00-05:00,35.125416666666666,11.1,0.0,3.7,48.0,1.0,20.25,1.32,2.48,3.7,74.21,16.3082,3.75075
2021-07-13 00:00:00-05:00,33.0225,11.2,0.0,4.0,14.0,1.0,26.009999999999998,1.32,2.56,3.78,74.21,39.822,3.7025000000000006
2021-07-14 00:00:00-05:00,31.047083333333333,11.1,0.0,4.7,10.0,1.0,10.240000000000002,1.32,2.53,3.8,73.06,37.6415,3.671
2021-07-15 00:00:00-05:00,31.784583333333334,10.2,0.0,5.199999999999999,6.0,1.0,16.0,1.32,2.53,3.68,71.67,19.43175,3.608333333333333
2021-07-16 00:00:00-05:00,33.55708333333333,10.7,0.0,5.699999999999999,2.0,1.0,10.240000000000002,1.32,2.52,3.7,71.67,19.9625,3.6820000000000004
2021-07-17 00:00:00-05:00,36.73458333333333,10.4,0.0,5.8,4.0,1.0,8.41,1.32,2.52,3.7,71.67,13.921499999999998,3.6820000000000004
2021-07-18 00:00:00-05:00,41.32,10.1,0.0,6.1000000000000005,34.0,1.0,10.240000000000002,1.32,2.52,3.7,71.67,7.8805,3.6820000000000004
2021-07-19 00:00:00-05:00,51.63708333333333,9.9,0.0,5.1,26.0,1.0,16.81,1.32,2.41,3.75,71.67,1.8395000000000001,3.7649999999999997
2021-07-20 00:00:00-05:00,31.480416666666667,9.7,0.0,3.500000000000001,17.0,1.0,14.44,1.32,2.4,3.82,71.67,1.038,3.87025
2021-07-21 00:00:00-05:00,35.02291666666667,9.8,0.0,4.3999999999999995,35.0,1.0,12.96,1.32,2.45,3.94,71.67,25.62466666666667,3.9555000000000002
2021-07-22 00:00:00-05:00,35.02708333333333,9.6,0.0,4.4,40.0,1.0,14.44,1.32,2.46,3.94,72.15,25.47866666666667,3.987
2021-07-23 00:00:00-05:00,33.43208333333333,9.3,0.0,4.8999999999999995,34.0,1.0,17.64,1.32,2.53,4.11,72.15,1.7376666666666667,4.045333333333333
2021-07-24 00:00:00-05:00,33.895833333333336,9.1,0.0,6.300000000000001,14.0,1.0,13.690000000000001,1.32,2.53,4.11,72.15,9.965666666666667,4.045333333333333
2021-07-25 00:00:00-05:00,41.954166666666666,9.1,0.0,6.300000000000001,6.0,1.0,21.159999999999997,1.32,2.53,4.11,72.15,18.19366666666667,4.045333333333333
2021-07-26 00:00:00-05:00,95.08083333333333,10.6,0.0,5.2,5.0,1.0,6.25,1.32,2.59,4.09,72.15,26.42166666666667,4.098333333333333
2021-07-27 00:00:00-05:00,88.51291666666667,10.9,0.0,5.1,1.0,1.0,4.840000000000001,1.32,2.55,4.09,71.68,25.39066666666667,3.961
2021-07-28 00:00:00-05:00,53.684583333333336,10.7,0.0,4.9,17.0,1.0,4.840000000000001,1.32,2.57,4.1,72.37,25.301,3.9933333333333327
2021-07-29 00:00:00-05:00,61.89125000000001,11.3,0.0,5.1,2.0,1.0,3.61,1.32,2.58,4.03,72.37,13.636833333333332,4.11375
2021-07-30 00:00:00-05:00,62.35666666666666,10.9,0.0,3.6999999999999997,49.0,1.0,12.96,1.32,2.56,3.94,72.37,1.9726666666666668,3.97525
2021-07-31 00:00:00-05:00,54.51708333333334,10.7,0.0,3.9,69.0,1.0,12.96,1.32,2.56,3.94,72.37,1.928777777777778,3.97525
2021-08-01 00:00:00-05:00,44.2925,10.2,0.0,4.4,48.0,1.0,16.0,1.28,2.56,3.94,72.37,1.8848888888888888,3.97525
2021-08-02 00:00:00-05:00,36.46791666666667,10.3,0.0,2.1000000000000005,18.0,0.0,16.0,1.28,2.51,4.02,72.37,1.841,3.9930000000000003
2021-08-03 00:00:00-05:00,36.61291666666667,10.9,0.0,2.5,29.0,1.0,6.760000000000001,1.28,2.51,4.06,72.37,13.828666666666665,4.102
2021-08-04 00:00:00-05:00,40.538333333333334,10.0,0.0,3.0,35.0,1.0,13.690000000000001,1.28,2.5,4.2,68.19,21.38742857142857,4.234666666666667
2021-08-05 00:00:00-05:00,43.84625,9.8,0.0,2.5999999999999996,47.0,1.0,15.209999999999999,1.28,2.46,4.27,68.19,1.891,4.2035
2021-08-06 00:00:00-05:00,37.97541666666667,9.8,0.0,2.5999999999999996,58.0,1.0,12.25,1.28,2.5,4.21,68.26,47.05466666666666,4.210750000000001
2021-08-07 00:00:00-05:00,34.5475,9.9,0.0,4.699999999999999,27.0,1.0,14.44,1.28,2.5,4.21,68.26,37.70011111111111,4.210750000000001
2021-08-08 00:00:00-05:00,33.62375,9.9,0.0,5.699999999999999,14.0,1.0,15.209999999999999,1.28,2.5,4.21,68.26,28.345555555555556,4.210750000000001
2021-08-09 00:00:00-05:00,37.61666666666667,9.9,0.0,5.5,11.0,1.0,20.25,1.28,2.5,4.21,68.26,18.991000000000003,4.156666666666666
2021-08-10 00:00:00-05:00,36.60541666666666,10.2,0.0,5.6,6.0,1.0,10.240000000000002,1.28,2.53,4.12,68.33,35.2065,4.16125
2021-08-11 00:00:00-05:00,38.77791666666666,10.2,0.0,5.6,2.0,1.0,14.44,1.28,2.55,4.07,69.3,24.52733333333333,4.13225
2021-08-12 00:00:00-05:00,43.66416666666667,10.2,0.0,5.4,6.0,1.0,8.41,1.28,2.55,4.1,69.3,19.37775,4.01025
2021-08-13 00:00:00-05:00,46.50083333333333,10.7,0.0,5.699999999999999,4.0,1.0,5.289999999999999,1.28,2.52,4.1,69.3,2.1232,3.895
2021-08-14 00:00:00-05:00,46.65833333333333,10.6,0.0,5.2,5.0,1.0,11.559999999999999,1.28,2.52,4.1,69.3,6.599466666666666,3.895
2021-08-15 00:00:00-05:00,39.11375,10.7,0.0,5.1,11.0,1.0,17.64,1.28,2.52,4.1,69.3,11.075733333333332,3.895
2021-08-16 00:00:00-05:00,39.26291666666666,10.4,0.0,5.199999999999999,6.0,1.0,20.25,1.28,2.5,3.93,69.3,15.551999999999998,4.0225
2021-08-17 00:00:00-05:00,35.407916666666665,10.5,0.0,5.5,3.0,1.0,17.64,1.28,2.49,3.92,69.3,15.291000000000002,3.9145
2021-08-18 00:00:00-05:00,29.00916666666667,10.4,0.0,5.8,2.0,1.0,10.889999999999999,1.28,2.48,3.86,69.3,24.26733333333333,3.9285
2021-08-19 00:00:00-05:00,35.24666666666666,11.2,0.0,5.4,1.0,1.0,6.760000000000001,1.28,2.45,3.86,69.3,14.981799999999996,3.9004999999999996
2021-08-20 00:00:00-05:00,36.24583333333333,11.4,0.0,4.6,2.0,1.0,12.96,1.28,2.4,3.94,69.3,11.732599999999998,3.922
2021-08-21 00:00:00-05:00,42.409166666666664,11.1,0.0,4.7,5.0,1.0,19.360000000000003,1.28,2.4,3.94,69.3,8.483399999999998,3.922
2021-08-22 00:00:00-05:00,37.15875,10.9,0.0,4.699999999999999,14.0,1.0,7.290000000000001,1.28,2.4,3.94,69.3,5.234199999999998,3.922
2021-08-23 00:00:00-05:00,41.92875,10.3,0.0,5.5,7.0,1.0,10.889999999999999,1.28,2.43,3.94,69.3,1.985,4.01375
2021-08-24 00:00:00-05:00,44.46,10.7,0.0,5.699999999999999,2.0,1.0,9.0,1.28,2.45,3.95,67.5,18.520500000000002,3.9705000000000004
2021-08-25 00:00:00-05:00,47.81166666666667,11.1,0.0,4.5,2.0,1.0,5.289999999999999,1.28,2.51,4.03,67.5,25.313333333333333,3.9805
2021-08-26 00:00:00-05:00,52.08166666666667,11.7,0.0,2.9,4.0,1.0,5.289999999999999,1.28,2.5,4.07,67.5,1.72425,4.254
2021-08-27 00:00:00-05:00,39.175,12.5,0.0,3.1,2.0,1.0,4.41,1.28,2.53,4.35,67.5,2.014666666666667,4.4285
2021-08-28 00:00:00-05:00,35.99583333333333,13.1,0.0,2.9000000000000004,0.0,1.0,5.289999999999999,1.28,2.53,4.35,67.5,7.655694444444445,4.4285
2021-08-29 00:00:00-05:00,42.1675,13.4,0.0,2.8,0.0,1.0,8.41,1.28,2.53,4.35,67.5,13.296722222222224,4.4285
2021-08-30 00:00:00-05:00,65.63541666666667,12.6,0.0,3.4000000000000004,3.0,1.0,10.889999999999999,1.28,2.51,4.25,69.28,18.93775,4.40275
2021-08-31 00:00:00-05:00,76.75666666666667,11.9,0.0,4.1,19.0,1.0,7.839999999999999,1.28,2.48,4.33,68.43,35.17550000000001,4.47
2021-09-01 00:00:00-05:00,46.29833333333334,11.4,0.0,3.9999999999999996,31.0,1.0,12.96,1.37,2.48,4.45,68.43,1.907,4.706250000000001
2021-09-02 00:00:00-05:00,43.286249999999995,11.8,0.0,3.4000000000000004,19.0,1.0,13.690000000000001,1.37,2.47,4.45,68.43,25.561666666666667,4.73625
2021-09-03 00:00:00-05:00,45.031666666666666,11.7,0.0,3.6999999999999997,35.0,1.0,12.25,1.37,2.48,4.45,68.43,1.675,4.80725
2021-09-04 00:00:00-05:00,46.73875,11.3,0.0,4.300000000000001,10.0,1.0,16.81,1.37,2.48,4.45,68.43,7.312666666666666,4.80725
2021-09-05 00:00:00-05:00,44.82791666666666,11.7,0.0,3.9,3.0,1.0,7.839999999999999,1.37,2.48,4.45,68.43,12.950333333333333,4.80725
2021-09-06 00:00:00-05:00,46.90833333333333,12.4,0.0,3.5999999999999996,2.0,1.0,1.6900000000000002,1.37,2.48,4.45,68.43,18.587999999999997,4.80725
2021-09-07 00:00:00-05:00,51.031666666666666,12.7,0.0,2.6999999999999997,29.0,1.0,4.0,1.37,2.51,4.71,68.49,24.225666666666665,4.66275
2021-09-08 00:00:00-05:00,46.095416666666665,12.5,0.0,2.9,13.0,1.0,7.290000000000001,1.37,2.53,4.66,69.36,24.91066666666666,5.037
2021-09-09 00:00:00-05:00,47.02583333333334,12.9,0.0,2.4999999999999996,5.0,1.0,1.44,1.37,2.55,4.97,69.36,36.254999999999995,5.11925
2021-09-10 00:00:00-05:00,40.831250000000004,12.8,0.0,2.2,10.0,1.0,5.289999999999999,1.37,2.55,5.13,69.82,24.97883333333333,5.02675
2021-09-11 00:00:00-05:00,41.339999999999996,12.6,0.0,2.6000000000000005,8.0,1.0,4.840000000000001,1.37,2.55,5.13,69.82,25.255777777777777,5.02675
2021-09-12 00:00:00-05:00,43.07458333333333,12.0,0.0,3.4,15.0,1.0,13.690000000000001,1.37,2.55,5.13,69.82,25.532722222222223,5.02675
2021-09-13 00:00:00-05:00,42.47416666666667,12.2,0.0,2.1999999999999997,23.0,1.0,15.209999999999999,1.37,2.53,5.21,69.82,25.80966666666667,5.311333333333333
2021-09-14 00:00:00-05:00,49.86875,11.6,0.0,0.8000000000000007,57.0,0.0,12.25,1.37,2.49,5.39,69.82,12.259857142857143,5.389333333333333
2021-09-15 00:00:00-05:00,50.50875,11.5,0.0,1.2999999999999998,46.0,1.0,15.209999999999999,1.37,2.51,5.66,69.82,1.9745000000000001,5.56175
2021-09-16 00:00:00-05:00,48.994166666666665,12.6,0.0,2.0000000000000004,23.0,1.0,12.25,1.37,2.53,5.52,69.82,2.0357999999999996,5.44325
2021-09-17 00:00:00-05:00,58.91,13.7,0.0,1.5,2.0,1.0,26.009999999999998,1.37,2.51,5.32,69.82,2.208,5.230333333333333
2021-09-18 00:00:00-05:00,56.612500000000004,12.7,0.0,-4.1000000000000005,94.0,1.0,31.359999999999996,1.37,2.51,5.32,69.82,11.447933333333333,5.230333333333333
2021-09-19 00:00:00-05:00,49.565,11.7,0.0,-4.7,100.0,0.0,30.25,1.37,2.51,5.32,69.82,20.687866666666665,5.230333333333333
2021-09-20 00:00:00-05:00,58.02291666666667,11.5,0.0,-0.7000000000000002,85.0,1.0,13.690000000000001,1.37,2.43,5.25,70.41,29.9278,5.118666666666667
2021-09-21 00:00:00-05:00,53.11833333333333,13.0,0.0,0.5999999999999996,56.0,1.0,16.81,1.37,2.44,4.96,70.51,24.96966666666667,4.89
2021-09-22 00:00:00-05:00,44.083333333333336,13.4,0.0,1.3999999999999995,35.0,1.0,14.44,1.37,2.41,4.92,70.51,2.152,4.91775
2021-09-23 00:00:00-05:00,37.765,13.1,0.0,1.7000000000000002,25.0,1.0,12.96,1.37,2.48,4.94,73.43,37.81100000000001,5.102
2021-09-24 00:00:00-05:00,36.879583333333336,13.3,0.0,2.3000000000000003,25.0,1.0,9.0,1.37,2.47,5.1,73.43,39.75,5.2615
2021-09-25 00:00:00-05:00,39.24666666666666,13.1,0.0,1.9000000000000004,30.0,1.0,9.0,1.37,2.47,5.1,73.43,27.263666666666666,5.2615
2021-09-26 00:00:00-05:00,38.089166666666664,13.2,0.0,1.0,23.0,1.0,16.0,1.37,2.47,5.1,73.43,14.777333333333331,5.2615
2021-09-27 00:00:00-05:00,44.41833333333333,13.5,0.0,0.5,67.0,1.0,16.81,1.37,2.5,5.53,73.43,2.2910000000000004,5.796500000000001
2021-09-28 00:00:00-05:00,47.199999999999996,12.3,0.0,0.7000000000000002,74.0,1.0,17.64,1.37,2.53,5.94,75.44,39.547,5.9495000000000005
2021-09-29 00:00:00-05:00,48.46208333333333,12.9,0.0,0.8999999999999995,68.0,1.0,16.0,1.37,2.52,5.73,75.06,26.530666666666665,5.582333333333334
2021-09-30 00:00:00-05:00,49.843333333333334,11.8,0.0,1.0,93.0,0.0,17.64,1.37,2.51,5.73,75.22,51.791333333333334,5.9705
2021-10-01 00:00:00-05:00,50.42041666666666,10.8,0.0,0.6000000000000005,88.0,0.0,12.96,1.58,2.51,5.61,75.22,2.3033333333333332,5.74425
2021-10-02 00:00:00-05:00,51.0825,12.9,0.0,0.6999999999999993,49.0,1.0,12.96,1.58,2.51,5.61,75.22,2.3163888888888886,5.74425
2021-10-03 00:00:00-05:00,53.560833333333335,13.8,0.0,2.0,7.0,1.0,12.96,1.58,2.51,5.61,75.22,2.3294444444444444,5.74425
2021-10-04 00:00:00-05:00,65.38416666666667,14.4,0.0,2.0,8.0,1.0,11.559999999999999,1.58,2.53,5.8,75.22,2.3425,5.889749999999999
2021-10-05 00:00:00-05:00,55.502916666666664,14.0,0.0,2.2,15.0,1.0,5.289999999999999,1.58,2.59,6.37,79.17,17.6172,6.41825
2021-10-06 00:00:00-05:00,52.3375,13.5,0.0,1.7000000000000002,53.0,1.0,6.25,1.58,2.57,6.0,79.17,2.396,5.788666666666667
2021-10-07 00:00:00-05:00,52.619166666666665,12.9,0.0,0.8999999999999995,49.0,1.0,12.25,1.58,2.61,5.71,78.46,33.6026,5.8025
2021-10-08 00:00:00-05:00,58.54958333333334,13.1,0.0,1.5000000000000004,41.0,1.0,10.240000000000002,1.58,2.64,5.46,79.55,54.711999999999996,5.6955
2021-10-09 00:00:00-05:00,53.248333333333335,13.4,0.0,1.3999999999999995,49.0,1.0,7.839999999999999,1.58,2.64,5.46,79.55,37.28544444444444,5.6955
2021-10-10 00:00:00-05:00,53.68125,12.9,0.0,0.09999999999999964,58.0,0.0,12.96,1.58,2.64,5.46,79.55,19.858888888888885,5.6955
2021-10-11 00:00:00-05:00,62.432500000000005,12.2,0.0,0.0,73.0,0.0,9.610000000000001,1.58,2.64,5.46,79.55,2.4323333333333337,5.6955
2021-10-12 00:00:00-05:00,51.453333333333326,12.4,0.0,-1.2000000000000002,80.0,0.0,16.0,1.58,2.64,5.34,80.75,41.626,5.608
2021-10-13 00:00:00-05:00,61.16291666666667,11.4,0.0,-1.4000000000000004,84.0,0.0,24.010000000000005,1.58,2.68,5.56,80.67,28.9915,5.731333333333333
2021-10-14 00:00:00-05:00,70.24541666666666,11.9,0.0,0.5,44.0,1.0,12.25,1.58,2.69,5.92,80.67,2.5192,5.82375
2021-10-15 00:00:00-05:00,60.01666666666667,12.9,0.0,0.09999999999999964,55.0,1.0,12.25,1.58,2.71,5.44,80.67,2.3306,5.541
2021-10-16 00:00:00-05:00,44.07583333333333,12.2,0.0,1.2000000000000002,40.0,1.0,11.559999999999999,1.58,2.71,5.44,80.67,9.187233333333332,5.541
2021-10-17 00:00:00-05:00,42.83166666666667,12.9,0.0,1.2999999999999998,40.0,0.0,16.0,1.58,2.71,5.44,80.67,16.043866666666663,5.541
2021-10-18 00:00:00-05:00,41.38291666666667,13.5,0.0,1.7000000000000002,15.0,1.0,27.040000000000003,1.58,2.71,5.44,80.67,22.900499999999997,5.281
2021-10-19 00:00:00-05:00,40.9275,14.2,0.0,2.8,0.0,1.0,26.009999999999998,1.58,2.71,5.44,80.67,2.1856666666666666,5.320499999999999
2021-10-20 00:00:00-05:00,108.71083333333333,14.2,0.0,2.4,0.0,1.0,7.839999999999999,1.58,2.77,5.44,84.4,43.520500000000006,5.412000000000001
2021-10-21 00:00:00-05:00,140.15833333333333,15.5,0.0,0.10000000000000009,0.0,1.0,8.41,1.58,2.94,4.94,84.4,22.790000000000003,5.32425
2021-10-22 00:00:00-05:00,49.78208333333333,17.8,0.0,-3.0,16.0,1.0,17.64,1.58,2.91,4.94,84.53,29.863666666666663,5.4046666666666665
2021-10-23 00:00:00-05:00,46.27166666666667,15.8,0.0,-3.8,44.0,0.0,17.64,1.58,2.91,4.94,84.53,25.32983333333333,5.4046666666666665
2021-10-24 00:00:00-05:00,53.79208333333333,16.8,0.0,-3.3999999999999995,25.0,1.0,19.360000000000003,1.58,2.91,4.94,84.53,20.796,5.4046666666666665
2021-10-25 00:00:00-05:00,73.75708333333334,18.6,0.0,-3.4,2.0,1.0,21.159999999999997,1.58,2.95,5.72,84.64,16.262166666666666,6.081333333333333
2021-10-26 00:00:00-05:00,53.59291666666667,18.9,0.0,-4.5,11.0,1.0,18.49,1.58,2.99,5.59,85.64,23.030499999999996,5.9895000000000005
2021-10-27 00:00:00-05:00,52.11041666666667,19.8,0.0,-5.4,7.0,1.0,22.090000000000003,1.58,2.96,5.91,85.64,22.60475,6.208666666666667
2021-10-28 00:00:00-05:00,42.48708333333333,19.8,0.0,-7.0,50.0,0.0,21.159999999999997,1.58,2.9,5.68,85.64,29.493333333333336,5.690333333333334
2021-10-29 00:00:00-05:00,44.462916666666665,19.0,0.0,-6.0,17.0,1.0,13.690000000000001,1.58,2.89,5.49,83.5,22.8055,5.383249999999999
2021-10-30 00:00:00-05:00,44.593333333333334,20.3,0.0,-7.1,5.0,1.0,12.25,1.58,2.89,5.49,83.5,15.908999999999999,5.383249999999999
2021-10-31 00:00:00-05:00,42.416666666666664,20.9,0.0,-5.9,1.0,1.0,14.44,1.58,2.89,5.49,83.5,9.0125,5.383249999999999
2021-11-01 00:00:00-05:00,51.41458333333333,21.6,0.0,-6.800000000000001,3.0,1.0,22.090000000000003,1.56,2.86,5.49,83.5,2.116,5.15125
2021-11-02 00:00:00-05:00,49.72125,22.9,0.0,-7.9,4.0,1.0,31.359999999999996,1.56,2.84,5.33,83.91,25.640142857142852,5.4775
2021-11-03 00:00:00-05:00,61.64291666666667,22.5,0.0,-7.7,5.0,1.0,25.0,1.56,2.86,5.59,80.82,15.305166666666663,5.6035
2021-11-04 00:00:00-05:00,66.51,22.7,0.0,-7.5,3.0,1.0,19.360000000000003,1.56,2.88,5.73,80.82,28.28566666666667,5.5856666666666674
2021-11-05 00:00:00-05:00,49.7075,23.5,0.0,-9.3,5.0,1.0,26.009999999999998,1.56,2.87,5.51,80.82,18.4386,5.3934999999999995
2021-11-06 00:00:00-05:00,44.223749999999995,23.4,0.0,-9.8,16.0,1.0,22.090000000000003,1.56,2.87,5.51,80.82,22.091844444444444,5.3934999999999995
2021-11-07 00:00:00-05:00,39.0388,21.2,0.0,-7.0,11.0,1.0,16.0,1.56,2.87,5.51,80.82,25.745088888888887,5.3934999999999995
2021-11-08 00:00:00-06:00,38.86291666666667,21.4,0.0,-6.8,30.0,1.0,12.96,1.56,2.94,5.53,80.82,29.39833333333333,5.332
2021-11-09 00:00:00-06:00,42.961666666666666,21.6,0.0,-9.2,54.0,0.0,9.610000000000001,1.56,2.96,5.08,80.82,22.983249999999998,4.92675
2021-11-10 00:00:00-06:00,36.70041666666667,20.3,0.0,-5.9,13.0,0.0,9.0,1.56,3.08,4.56,80.82,28.850333333333328,4.777
2021-11-11 00:00:00-06:00,51.555416666666666,20.2,0.0,-6.4,7.0,1.0,9.0,1.56,3.08,4.81,81.47,28.845333333333333,5.149
2021-11-12 00:00:00-06:00,42.632083333333334,20.6,0.0,-6.800000000000001,6.0,1.0,10.240000000000002,1.56,3.11,4.97,80.87,22.001250000000002,4.827500000000001
2021-11-13 00:00:00-06:00,38.22833333333333,20.6,0.0,-6.4,25.0,1.0,12.96,1.56,3.11,4.97,80.87,28.612750000000002,4.827500000000001
2021-11-14 00:00:00-06:00,45.593333333333334,19.6,0.0,-6.4,17.0,1.0,10.240000000000002,1.56,3.11,4.97,80.87,35.22425,4.827500000000001
2021-11-15 00:00:00-06:00,43.74208333333333,22.4,0.0,-7.2,0.0,1.0,16.0,1.56,3.17,4.77,80.85,41.83575,4.9575
2021-11-16 00:00:00-06:00,40.658750000000005,25.7,0.0,-11.1,25.0,1.0,22.090000000000003,1.56,3.17,5.11,80.85,2.5585,5.11325
2021-11-17 00:00:00-06:00,47.43833333333333,22.5,0.0,-14.5,72.0,0.0,26.009999999999998,1.56,3.14,4.82,78.32,53.784333333333336,4.78675
2021-11-18 00:00:00-06:00,43.45208333333333,21.7,0.0,-9.7,34.0,0.0,17.64,1.56,3.11,4.95,78.32,29.080333333333332,4.825666666666667
2021-11-19 00:00:00-06:00,39.47375,20.1,0.0,-7.1,41.0,0.0,16.81,1.56,3.02,4.9,78.32,1.67,5.005
2021-11-20 00:00:00-06:00,37.21083333333333,19.6,0.0,-6.4,18.0,0.0,16.81,1.56,3.02,4.9,78.32,1.8599166666666667,5.005
2021-11-21 00:00:00-06:00,46.01208333333333,21.2,0.0,-5.0,1.0,1.0,12.25,1.56,3.02,4.9,78.32,2.0498333333333334,5.005
2021-11-22 00:00:00-06:00,41.93541666666666,23.0,0.0,-7.0,0.0,1.0,12.96,1.56,2.98,4.83,78.32,2.23975,4.743499999999999
2021-11-23 00:00:00-06:00,33.41583333333333,28.2,0.0,-14.6,8.0,1.0,46.239999999999995,1.56,3.0,4.95,78.32,2.280333333333333,4.908333333333332
2021-11-24 00:00:00-06:00,31.509583333333335,29.3,0.0,-16.5,33.0,1.0,53.29,1.56,3.03,4.93,78.32,2.348,4.994999999999999
2021-11-25 00:00:00-06:00,30.79375,26.3,0.0,-11.3,0.0,1.0,20.25,1.56,3.03,4.93,78.32,6.819066666666666,4.994999999999999
2021-11-26 00:00:00-06:00,38.2875,26.3,0.0,-11.9,0.0,1.0,25.0,1.56,2.92,4.93,78.32,11.290133333333333,4.994999999999999
2021-11-27 00:00:00-06:00,39.97291666666667,26.5,0.0,-13.3,4.0,1.0,36.0,1.56,2.92,4.93,78.32,15.761199999999999,4.994999999999999
2021-11-28 00:00:00-06:00,36.406666666666666,27.8,0.0,-13.600000000000001,17.0,1.0,60.839999999999996,1.56,2.92,4.93,78.32,20.232266666666664,4.994999999999999
2021-11-29 00:00:00-06:00,38.345,28.9,0.0,-17.7,87.0,0.0,67.24,1.56,2.91,4.9,69.88,24.70333333333333,4.562250000000001
2021-11-30 00:00:00-06:00,35.361666666666665,26.7,0.0,-14.7,61.0,0.0,54.760000000000005,1.56,2.8,4.52,69.88,2.2765,4.321750000000001
2021-12-01 00:00:00-06:00,42.182916666666664,27.0,0.0,-17.4,30.0,0.0,62.410000000000004,1.47,2.7,4.31,65.44,17.5615,4.077333333333333
2021-12-02 00:00:00-06:00,35.2025,23.4,0.0,-11.8,30.0,0.0,29.160000000000004,1.47,2.73,4.08,66.6,21.08557142857143,3.8937500000000003
2021-12-03 00:00:00-06:00,34.10916666666667,22.4,0.0,-8.8,7.0,0.0,22.090000000000003,1.47,2.72,3.79,66.39,35.24825,3.9692499999999997
2021-12-04 00:00:00-06:00,38.73916666666667,24.3,0.0,-10.5,12.0,0.0,24.010000000000005,1.47,2.72,3.79,66.39,28.705566666666666,3.9692499999999997
2021-12-05 00:00:00-06:00,31.393333333333334,25.0,0.0,-11.4,35.0,0.0,64.0,1.47,2.72,3.79,66.39,22.162883333333333,3.9692499999999997
2021-12-06 00:00:00-06:00,35.24375,22.6,0.0,-6.199999999999999,0.0,1.0,18.49,1.47,2.79,3.66,69.62,15.6202,3.56225
2021-12-07 00:00:00-06:00,33.70791666666667,22.5,0.0,-6.5,5.0,1.0,22.090000000000003,1.47,2.84,3.6,69.62,1.1,3.6159999999999997
2021-12-08 00:00:00-06:00,34.49208333333333,24.3,0.0,-9.9,7.0,1.0,38.440000000000005,1.47,2.88,3.6,72.43,25.649666666666672,3.7055
2021-12-09 00:00:00-06:00,30.866249999999997,23.8,0.0,-8.8,2.0,1.0,27.040000000000003,1.47,2.8,3.6,72.43,2.21,3.727
2021-12-10 00:00:00-06:00,36.21958333333333,24.4,0.0,-9.600000000000001,2.0,1.0,15.209999999999999,1.47,2.76,3.65,72.43,20.35325,3.751
2021-12-11 00:00:00-06:00,32.25666666666667,28.8,0.0,-19.4,89.0,0.0,46.239999999999995,1.47,2.76,3.65,72.43,26.039083333333334,3.751
2021-12-12 00:00:00-06:00,28.81041666666667,30.8,0.0,-24.200000000000003,94.0,0.0,57.76,1.47,2.76,3.65,72.43,31.724916666666665,3.751
2021-12-13 00:00:00-06:00,28.174166666666665,29.6,0.0,-19.0,46.0,0.0,53.29,1.47,2.73,4.05,71.19,37.41075,3.7112499999999997
2021-12-14 00:00:00-06:00,28.58458333333333,26.5,0.0,-13.3,1.0,1.0,49.0,1.47,2.66,3.71,70.57,37.05675,3.639333333333333
2021-12-15 00:00:00-06:00,31.866249999999997,28.0,0.0,-15.4,3.0,1.0,75.68999999999998,1.47,2.67,3.79,70.89,25.07466666666667,3.677
2021-12-16 00:00:00-06:00,42.36125,29.2,0.0,-16.799999999999997,9.0,1.0,94.08999999999999,1.47,2.7,3.67,70.89,26.313666666666666,3.66425
2021-12-17 00:00:00-06:00,37.09166666666667,29.2,0.0,-16.2,8.0,1.0,94.08999999999999,1.47,2.65,3.67,70.89,2.171666666666667,3.5869999999999997
2021-12-18 00:00:00-06:00,26.812916666666666,31.5,0.0,-20.5,45.0,0.0,90.25,1.47,2.65,3.67,70.89,7.707027777777777,3.5869999999999997
2021-12-19 00:00:00-06:00,34.73041666666666,33.6,0.0,-21.8,36.0,0.0,90.25,1.47,2.65,3.67,70.89,13.242388888888888,3.5869999999999997
2021-12-20 00:00:00-06:00,38.029583333333335,34.6,0.0,-24.0,98.0,0.0,72.25,1.47,2.65,3.91,68.69,18.777749999999997,3.708
2021-12-21 00:00:00-06:00,32.05958333333333,33.9,0.0,-26.700000000000003,63.0,0.0,65.61,1.47,2.69,3.96,71.1,25.112666666666666,3.7237500000000003
2021-12-22 00:00:00-06:00,31.418333333333333,30.2,0.0,-18.799999999999997,8.0,1.0,32.49,1.47,2.7,3.95,71.1,20.09325,3.796
2021-12-23 00:00:00-06:00,26.063333333333333,35.7,0.0,-24.7,84.0,0.0,68.89000000000001,1.47,2.72,3.56,71.1,2.2383333333333333,3.586
2021-12-24 00:00:00-06:00,18.5725,33.2,0.0,-25.0,32.0,0.0,57.76,1.47,2.72,3.56,71.1,75.24,3.586
2021-12-25 00:00:00-06:00,24.942916666666665,30.5,0.0,-19.1,4.0,1.0,27.040000000000003,1.47,2.72,3.56,71.1,59.065,3.586
2021-12-26 00:00:00-06:00,23.765416666666667,29.8,0.0,-16.8,1.0,1.0,16.0,1.47,2.72,3.56,71.1,42.89,3.586
2021-12-27 00:00:00-06:00,28.50916666666667,30.3,0.0,-16.3,0.0,1.0,28.09,1.47,2.75,3.45,75.49,26.715,3.8729999999999998
2021-12-28 00:00:00-06:00,25.72875,30.7,0.0,-17.5,4.0,1.0,46.239999999999995,1.47,2.78,3.45,76.01,26.891333333333336,3.8939999999999997
2021-12-29 00:00:00-06:00,30.128333333333334,28.7,0.0,-13.899999999999999,0.0,1.0,33.64,1.47,2.83,3.45,76.01,27.789,3.7883333333333336
2021-12-30 00:00:00-06:00,27.467916666666667,26.5,0.0,-10.7,0.0,1.0,17.64,1.47,2.86,3.82,76.83,32.546,3.4567500000000004
2021-12-31 00:00:00-06:00,28.259583333333335,31.2,0.0,-18.4,64.0,1.0,42.25,1.47,2.87,3.82,76.83,24.994687499999998,3.529666666666667
2022-01-01 00:00:00-06:00,25.436666666666667,33.5,0.0,-25.3,37.0,0.0,62.410000000000004,1.76,2.87,3.82,76.83,17.443375,3.529666666666667
2022-01-02 00:00:00-06:00,38.61125,33.3,0.0,-22.5,36.0,1.0,57.76,1.76,2.87,3.82,76.83,9.892062500000002,3.529666666666667
2022-01-03 00:00:00-06:00,36.91625,31.1,0.0,-17.3,16.0,1.0,30.25,1.76,2.95,3.74,76.83,2.34075,3.69525
2022-01-04 00:00:00-06:00,26.459999999999997,33.7,0.0,-24.1,65.0,0.0,60.839999999999996,1.76,2.93,3.73,76.83,1.821,3.6246666666666663
2022-01-05 00:00:00-06:00,28.23875,32.4,0.0,-25.0,83.0,0.0,54.760000000000005,1.76,2.87,3.78,76.83,2.338,3.7583333333333333
2022-01-06 00:00:00-06:00,30.274583333333336,32.7,0.0,-23.1,37.0,0.0,64.0,1.76,2.77,3.94,79.47,28.087666666666664,3.6884999999999994
2022-01-07 00:00:00-06:00,31.992500000000003,34.9,0.0,-21.5,31.0,0.0,100.0,1.76,2.78,3.94,79.47,2.4000000000000004,3.7485
2022-01-08 00:00:00-06:00,29.054166666666664,30.7,0.0,-20.1,48.0,0.0,60.839999999999996,1.76,2.78,3.94,79.47,6.801222222222221,3.7485
2022-01-09 00:00:00-06:00,27.6875,29.6,0.0,-17.0,3.0,0.0,49.0,1.76,2.78,3.94,79.47,11.202444444444442,3.7485
2022-01-10 00:00:00-06:00,37.30291666666667,27.3,0.0,-13.100000000000001,0.0,1.0,39.69,1.76,2.77,4.16,79.47,15.603666666666664,3.893333333333333
2022-01-11 00:00:00-06:00,35.83833333333333,26.9,0.0,-11.7,0.0,1.0,24.010000000000005,1.76,2.87,4.16,81.17,28.695333333333334,3.99775
2022-01-12 00:00:00-06:00,36.174166666666665,27.7,0.0,-12.1,0.0,1.0,18.49,1.76,2.82,4.62,82.51,15.673166666666669,4.4945
2022-01-13 00:00:00-06:00,35.962916666666665,28.1,0.0,-12.899999999999999,0.0,1.0,16.81,1.76,2.77,4.78,82.51,2.444,4.04275
2022-01-14 00:00:00-06:00,30.32375,29.8,0.0,-15.8,1.0,1.0,34.81,1.76,2.79,4.37,82.51,2.490666666666667,4.095
2022-01-15 00:00:00-06:00,29.457916666666666,29.9,0.0,-15.9,13.0,1.0,34.81,1.76,2.79,4.37,82.51,2.496,4.095
2022-01-16 00:00:00-06:00,39.58583333333333,31.9,0.0,-26.700000000000003,100.0,0.0,39.69,1.76,2.79,4.37,82.51,2.501333333333333,4.095
2022-01-17 00:00:00-06:00,36.73083333333333,37.7,0.0,-32.7,100.0,0.0,75.68999999999998,1.76,2.79,4.37,82.51,2.506666666666667,4.095
2022-01-18 00:00:00-06:00,28.769166666666667,37.4,0.0,-31.4,76.0,0.0,73.96,1.76,2.8,4.55,82.51,2.512,4.091333333333334
2022-01-19 00:00:00-06:00,28.412499999999998,36.1,0.0,-24.700000000000003,30.0,0.0,65.61,1.76,2.73,4.89,82.51,2.1750000000000003,3.89175
2022-01-20 00:00:00-06:00,44.892500000000005,36.0,0.0,-23.6,9.0,0.0,70.56,1.76,2.74,4.45,86.29,30.45566666666667,3.698
2022-01-21 00:00:00-06:00,41.86708333333333,32.2,0.0,-19.4,13.0,1.0,36.0,1.76,2.7,4.11,86.29,2.588,3.8260000000000005
2022-01-22 00:00:00-06:00,36.94,31.9,0.0,-18.1,0.0,1.0,54.760000000000005,1.76,2.7,4.11,86.29,2.462833333333333,3.8260000000000005
2022-01-23 00:00:00-06:00,30.52125,32.1,0.0,-18.5,0.0,1.0,54.760000000000005,1.76,2.7,4.11,86.29,2.337666666666667,3.8260000000000005
2022-01-24 00:00:00-06:00,32.137499999999996,31.2,0.0,-18.2,0.0,1.0,54.760000000000005,1.76,2.74,4.2,86.29,2.2125000000000004,3.905
2022-01-25 00:00:00-06:00,28.6825,29.5,0.0,-16.5,1.0,1.0,39.69,1.76,2.78,4.24,86.29,2.0873333333333335,3.952
2022-01-26 00:00:00-06:00,35.05166666666667,29.4,0.0,-16.0,3.0,1.0,36.0,1.76,2.75,4.43,88.33,31.240333333333336,4.092
2022-01-27 00:00:00-06:00,35.62416666666667,30.8,0.0,-16.8,1.0,1.0,31.359999999999996,1.76,2.76,4.43,88.33,2.35425,4.747
2022-01-28 00:00:00-06:00,36.575833333333335,32.8,0.0,-20.8,49.0,1.0,36.0,1.76,2.8,5.69,87.67,30.581666666666667,4.53
2022-01-29 00:00:00-06:00,40.915416666666665,33.0,0.0,-24.8,17.0,0.0,49.0,1.76,2.8,5.69,87.67,28.73011111111111,4.53
2022-01-30 00:00:00-06:00,38.07666666666667,33.4,0.0,-24.0,34.0,0.0,54.760000000000005,1.76,2.8,5.69,87.67,26.878555555555554,4.53
2022-01-31 00:00:00-06:00,39.53375,31.9,0.0,-19.7,2.0,1.0,31.359999999999996,1.76,2.82,5.56,87.67,25.026999999999997,4.72525
2022-02-01 00:00:00-06:00,33.5725,30.2,0.0,-15.6,0.0,1.0,11.559999999999999,1.93,2.8,5.45,87.67,90.24,4.6290000000000004
2022-02-02 00:00:00-06:00,31.89833333333333,30.5,0.0,-18.9,19.0,1.0,15.209999999999999,1.93,2.79,6.7,88.16,45.378499999999995,5.2026666666666666
2022-02-03 00:00:00-06:00,72.62875,30.1,0.0,-16.5,0.0,1.0,27.040000000000003,1.93,2.76,5.84,88.16,47.154999999999994,4.791666666666667
2022-02-04 00:00:00-06:00,111.29041666666666,30.5,0.0,-16.7,0.0,1.0,44.89,1.93,2.78,5.34,88.16,2.4876,4.5456666666666665
2022-02-05 00:00:00-06:00,50.20583333333334,30.0,0.0,-15.4,20.0,1.0,17.64,1.93,2.78,5.34,88.16,2.5767333333333333,4.5456666666666665
2022-02-06 00:00:00-06:00,42.59791666666667,31.3,0.0,-22.700000000000003,51.0,0.0,27.040000000000003,1.93,2.78,5.34,88.16,2.6658666666666666,4.5456666666666665
2022-02-07 00:00:00-06:00,42.92916666666667,30.6,0.0,-18.4,1.0,1.0,25.0,1.93,2.75,4.44,88.16,2.755,4.22925
2022-02-08 00:00:00-06:00,31.107083333333332,30.5,0.0,-17.1,0.0,1.0,40.96000000000001,1.93,2.77,4.3,89.32,47.7615,4.25075
2022-02-09 00:00:00-06:00,36.0425,30.1,0.0,-18.1,1.0,1.0,54.760000000000005,1.93,2.78,4.13,89.57,32.58716666666667,4.014
2022-02-10 00:00:00-06:00,34.422916666666666,28.6,0.0,-15.399999999999999,2.0,1.0,40.96000000000001,1.93,2.81,4.03,89.83,24.134749999999997,3.977
2022-02-11 00:00:00-06:00,25.59375,29.1,0.0,-15.5,0.0,1.0,33.64,1.93,2.82,4.03,93.1,25.43125,3.9675000000000002
2022-02-12 00:00:00-06:00,29.71083333333333,32.3,0.0,-27.9,83.0,0.0,43.559999999999995,1.93,2.82,4.03,93.1,17.786083333333334,3.9675000000000002
2022-02-13 00:00:00-06:00,33.00416666666667,34.5,0.0,-26.3,42.0,0.0,73.96,1.93,2.82,4.03,93.1,10.140916666666667,3.9675000000000002
2022-02-14 00:00:00-06:00,27.836249999999996,34.0,0.0,-23.4,49.0,0.0,90.25,1.93,2.91,4.05,93.1,2.49575,4.1955
2022-02-15 00:00:00-06:00,25.436666666666667,32.8,0.0,-20.6,4.0,1.0,92.16,1.93,2.89,4.31,92.07,39.787,4.286333333333334
2022-02-16 00:00:00-06:00,25.4675,32.8,0.0,-20.0,0.0,1.0,84.63999999999999,1.93,2.87,4.39,93.83,33.138666666666666,4.582
2022-02-17 00:00:00-06:00,32.64791666666667,32.1,0.0,-18.7,0.0,1.0,77.44000000000001,1.93,2.87,4.57,93.83,2.6953333333333336,4.468
2022-02-18 00:00:00-06:00,42.057916666666664,29.9,0.0,-17.7,0.0,1.0,73.96,1.93,2.86,4.61,91.26,24.81375,4.41225
2022-02-19 00:00:00-06:00,32.194583333333334,27.9,0.0,-13.100000000000001,0.0,1.0,25.0,1.93,2.86,4.61,91.26,28.4902125,4.41225
2022-02-20 00:00:00-06:00,25.514166666666668,29.2,0.0,-15.6,1.0,1.0,19.360000000000003,1.93,2.86,4.61,91.26,32.166675,4.41225
2022-02-21 00:00:00-06:00,27.747500000000002,29.0,0.0,-16.6,21.0,1.0,8.41,1.93,2.86,4.61,91.26,35.843137500000005,4.41225
2022-02-22 00:00:00-06:00,30.755,31.9,0.0,-24.700000000000003,66.0,0.0,34.81,1.93,2.89,4.48,92.11,39.519600000000004,4.49225
2022-02-23 00:00:00-06:00,42.00291666666667,31.7,0.0,-21.5,56.0,0.0,49.0,1.93,3.01,4.59,92.11,2.7405,4.617000000000001
2022-02-24 00:00:00-06:00,49.650416666666665,31.1,0.0,-18.5,2.0,1.0,50.41,1.93,3.05,4.78,92.11,2.2449999999999997,4.621666666666666
2022-02-25 00:00:00-06:00,60.343333333333334,28.3,0.0,-14.100000000000001,1.0,1.0,25.0,1.93,3.02,4.63,92.11,2.8558,4.51525
2022-02-26 00:00:00-06:00,64.04333333333334,27.4,0.0,-12.600000000000001,0.0,1.0,20.25,1.93,3.02,4.63,92.11,8.991133333333332,4.51525
2022-02-27 00:00:00-06:00,37.34625,26.9,0.0,-11.7,0.0,1.0,14.44,1.93,3.02,4.63,92.11,15.126466666666666,4.51525
2022-02-28 00:00:00-06:00,38.92541666666667,29.4,0.0,-15.600000000000001,44.0,1.0,43.559999999999995,1.93,3.11,4.46,96.13,21.261799999999997,4.4485
2022-03-01 00:00:00-06:00,36.794583333333335,29.8,0.0,-20.4,49.0,1.0,68.89000000000001,2.13,3.14,4.46,96.13,2.7455000000000003,4.643
2022-03-02 00:00:00-06:00,34.42416666666667,28.4,0.0,-15.2,4.0,1.0,65.61,2.13,3.23,4.65,110.74,56.968999999999994,4.81225
2022-03-03 00:00:00-06:00,35.03875,27.5,0.0,-13.9,3.0,1.0,64.0,2.13,3.17,4.63,110.74,115.36,4.76075
2022-03-04 00:00:00-06:00,30.581666666666667,26.8,0.0,-13.4,0.0,1.0,59.290000000000006,2.13,3.19,4.74,115.77,25.651999999999997,5.073333333333333
2022-03-05 00:00:00-06:00,33.922916666666666,27.2,0.0,-13.6,11.0,1.0,65.61,2.13,3.19,4.74,115.77,27.820666666666664,5.073333333333333
2022-03-06 00:00:00-06:00,40.348333333333336,28.4,0.0,-21.6,98.0,0.0,70.56,2.13,3.19,4.74,115.77,29.989333333333335,5.073333333333333
2022-03-07 00:00:00-06:00,43.413333333333334,28.2,0.0,-22.0,100.0,0.0,72.25,2.13,3.29,4.93,119.26,32.158,4.880999999999999
2022-03-08 00:00:00-06:00,74.96375,28.3,0.0,-19.5,90.0,0.0,68.89000000000001,2.13,3.43,4.61,119.26,4.118833333333333,4.602666666666667
2022-03-09 00:00:00-06:00,58.00583333333333,26.9,0.0,-15.3,42.0,0.0,65.61,2.13,3.33,4.55,108.81,18.214428571428574,4.585666666666667
2022-03-10 00:00:00-06:00,39.43083333333333,25.6,0.0,-13.0,31.0,1.0,62.410000000000004,2.13,3.42,4.65,105.93,110.23500000000001,4.722666666666666
2022-03-11 00:00:00-06:00,54.995000000000005,25.3,0.0,-10.5,5.0,1.0,70.56,2.13,3.52,4.79,109.31,31.007875,4.797
2022-03-12 00:00:00-06:00,57.25416666666667,23.7,0.0,-9.7,14.0,1.0,50.41,2.13,3.52,4.79,109.31,21.64702777777778,4.797
2022-03-13 00:00:00-06:00,35.167826086956524,23.0,0.0,-11.6,89.0,0.0,50.41,2.13,3.52,4.79,109.31,12.286180555555557,4.797
2022-03-14 00:00:00-05:00,37.129583333333336,23.0,0.0,-13.8,100.0,0.0,53.29,2.13,3.5,4.59,109.31,2.925333333333333,4.7555
2022-03-15 00:00:00-05:00,44.20666666666667,21.7,0.0,-10.7,72.0,0.0,44.89,2.13,3.42,4.46,96.42,68.18933333333334,4.6455
2022-03-16 00:00:00-05:00,32.6925,23.4,0.0,-11.600000000000001,64.0,0.0,56.25,2.13,3.34,4.68,94.85,51.64525,4.787
2022-03-17 00:00:00-05:00,35.31916666666667,21.6,0.0,-14.0,94.0,0.0,59.290000000000006,2.13,3.51,4.8,102.97,55.35025,5.04625
2022-03-18 00:00:00-05:00,50.78458333333333,20.5,0.0,-12.3,79.0,0.0,50.41,2.13,3.48,4.87,102.97,30.7715,4.9206666666666665
2022-03-19 00:00:00-05:00,43.611250000000005,18.3,0.0,-5.8999999999999995,27.0,1.0,16.0,2.13,3.48,4.87,102.97,32.47809523809524,4.9206666666666665
2022-03-20 00:00:00-05:00,30.427083333333332,19.5,0.0,-3.7,0.0,1.0,7.290000000000001,2.13,3.48,4.87,102.97,34.18469047619048,4.9206666666666665
2022-03-21 00:00:00-05:00,41.72416666666667,20.5,0.0,-4.1,0.0,1.0,6.25,2.13,3.52,4.77,112.14,35.89128571428572,4.966666666666667
2022-03-22 00:00:00-05:00,44.782916666666665,20.9,0.0,-4.7,0.0,1.0,8.41,2.13,3.52,5.0,112.14,3.9436666666666667,5.270333333333333
2022-03-23 00:00:00-05:00,50.67166666666666,20.7,0.0,-4.9,2.0,1.0,7.290000000000001,2.13,3.57,5.0,114.89,31.568,5.297
2022-03-24 00:00:00-05:00,50.10708333333333,21.6,0.0,-4.6,0.0,1.0,4.41,2.13,3.57,5.0,114.2,80.77900000000001,5.468
2022-03-25 00:00:00-05:00,53.737500000000004,21.5,0.0,-4.7,0.0,1.0,4.840000000000001,2.13,3.59,5.51,116.2,41.41166666666667,5.6335
2022-03-26 00:00:00-05:00,44.724583333333335,22.9,0.0,-7.5,41.0,1.0,28.09,2.13,3.59,5.51,116.2,37.897777777777776,5.6335
2022-03-27 00:00:00-05:00,42.045,20.2,0.0,-8.2,45.0,1.0,8.41,2.13,3.59,5.51,116.2,34.38388888888889,5.6335
2022-03-28 00:00:00-05:00,49.19958333333333,20.5,0.0,-6.3,0.0,1.0,2.8899999999999997,2.13,3.56,5.51,116.2,30.869999999999997,5.566
2022-03-29 00:00:00-05:00,47.40375,19.4,0.0,-4.8,2.0,1.0,2.8899999999999997,2.13,3.4,5.32,116.2,3.674,5.383
2022-03-30 00:00:00-05:00,53.56333333333333,19.3,0.0,-3.7,0.0,1.0,6.25,2.13,3.41,5.32,116.2,2.5525,5.673500000000001
2022-03-31 00:00:00-05:00,53.415,20.1,0.0,-4.7,1.0,1.0,11.559999999999999,2.13,3.34,5.46,116.2,55.5225,5.714
2022-04-01 00:00:00-05:00,44.66291666666667,20.8,0.0,-7.3999999999999995,48.0,1.0,30.25,2.75,3.28,5.43,116.2,3.6390000000000002,5.812333333333334
2022-04-02 00:00:00-05:00,53.12625,19.8,0.0,-4.4,13.0,1.0,16.0,2.75,3.28,5.43,116.2,15.242666666666668,5.812333333333334
2022-04-03 00:00:00-05:00,39.4125,20.4,0.0,-4.2,2.0,1.0,6.760000000000001,2.75,3.28,5.43,116.2,26.846333333333334,5.812333333333334
2022-04-04 00:00:00-05:00,60.33208333333334,19.7,0.0,-4.9,7.0,1.0,12.25,2.75,3.28,5.72,116.2,38.45,5.807
2022-04-05 00:00:00-05:00,76.38375,20.2,0.0,-5.6,3.0,1.0,22.090000000000003,2.75,3.31,5.95,116.2,55.192,6.103333333333334
2022-04-06 00:00:00-05:00,57.22291666666666,20.1,0.0,-5.7,15.0,1.0,30.25,2.75,3.28,6.29,96.39,34.494,6.121
2022-04-07 00:00:00-05:00,52.84458333333333,19.8,0.0,-5.8,0.0,1.0,9.0,2.75,3.26,6.05,96.05,50.61025,6.449
2022-04-08 00:00:00-05:00,57.57708333333333,21.1,0.0,-6.9,0.0,1.0,25.0,2.75,3.33,6.38,98.35,49.815,6.369250000000001
2022-04-09 00:00:00-05:00,43.95291666666666,19.9,0.0,-7.5,34.0,0.0,43.559999999999995,2.75,3.33,6.38,98.35,34.29711111111111,6.369250000000001
2022-04-10 00:00:00-05:00,40.86083333333333,19.5,0.0,-5.1,7.0,1.0,12.25,2.75,3.33,6.38,98.35,18.77922222222222,6.369250000000001
2022-04-11 00:00:00-05:00,94.38875,21.3,0.0,-9.7,81.0,0.0,47.61000000000001,2.75,3.37,6.35,98.35,3.2613333333333334,6.736
2022-04-12 00:00:00-05:00,76.88041666666668,18.4,0.0,-6.2,22.0,0.0,19.360000000000003,2.75,3.31,6.59,98.35,3.0717999999999996,6.776249999999999
2022-04-13 00:00:00-05:00,98.10333333333334,18.1,0.0,-2.9,6.0,1.0,20.25,2.75,3.25,6.68,98.35,3.894,7.109999999999999
2022-04-14 00:00:00-05:00,69.25041666666667,18.8,0.0,-2.8,0.0,1.0,17.64,2.75,3.33,6.94,98.35,3.9074,7.43075
2022-04-15 00:00:00-05:00,59.29833333333334,20.7,0.0,-4.7,0.0,1.0,26.009999999999998,2.75,3.33,6.94,98.35,3.9208,7.43075
2022-04-16 00:00:00-05:00,77.39416666666666,20.7,0.0,-4.5,5.0,1.0,21.159999999999997,2.75,3.33,6.94,98.35,3.9342,7.43075
2022-04-17 00:00:00-05:00,72.84916666666666,20.6,0.0,-4.800000000000001,5.0,1.0,22.090000000000003,2.75,3.33,6.94,98.35,3.9476,7.43075
2022-04-18 00:00:00-05:00,63.990833333333335,18.7,0.0,-5.3,53.0,1.0,12.25,2.75,3.36,7.48,98.35,3.961,7.9645
2022-04-19 00:00:00-05:00,64.88291666666667,19.5,0.0,-8.5,70.0,1.0,42.25,2.75,3.36,7.48,98.35,4.016,7.28775
2022-04-20 00:00:00-05:00,76.39208333333333,18.4,0.0,-9.4,79.0,0.0,32.49,2.75,3.36,7.12,98.35,4.071,7.07775
2022-04-21 00:00:00-05:00,83.94458333333334,16.2,0.0,-4.0,23.0,1.0,15.209999999999999,2.75,3.37,6.88,98.35,18.521714285714285,7.1875
2022-04-22 00:00:00-05:00,83.17375,16.1,0.0,-1.1,1.0,1.0,9.610000000000001,2.75,3.37,6.59,102.86,23.6302,6.650333333333333
2022-04-23 00:00:00-05:00,67.41458333333334,17.1,0.0,-2.3000000000000003,9.0,1.0,14.44,2.75,3.37,6.59,102.86,24.970299999999998,6.650333333333333
2022-04-24 00:00:00-05:00,67.96291666666666,17.6,0.0,-1.8000000000000003,2.0,1.0,7.290000000000001,2.75,3.37,6.59,102.86,26.3104,6.650333333333333
2022-04-25 00:00:00-05:00,77.67416666666666,17.7,0.0,-2.7,13.0,1.0,19.360000000000003,2.75,3.27,6.42,102.86,27.6505,6.788333333333334
2022-04-26 00:00:00-05:00,62.63291666666667,17.4,0.0,-1.0,4.0,1.0,13.690000000000001,2.75,3.25,6.89,102.86,27.86325,6.991
2022-04-27 00:00:00-05:00,62.10041666666667,18.0,0.0,-3.0,8.0,1.0,38.440000000000005,2.75,3.28,6.89,102.86,4.088,7.36925
2022-04-28 00:00:00-05:00,70.22166666666666,16.0,0.0,-2.5999999999999996,27.0,1.0,22.090000000000003,2.75,3.39,6.97,102.86,2.955666666666667,6.920999999999999
2022-04-29 00:00:00-05:00,70.44625,17.6,0.0,-2.4,0.0,1.0,9.0,2.75,3.3,6.84,102.86,4.2858,7.313
2022-04-30 00:00:00-05:00,72.35291666666667,18.1,0.0,-4.1,2.0,1.0,24.010000000000005,2.75,3.3,6.84,102.86,12.79495,7.313
2022-05-01 00:00:00-05:00,56.86541666666667,16.3,0.0,-3.5,19.0,1.0,24.010000000000005,2.9,3.3,6.84,102.86,21.3041,7.313
2022-05-02 00:00:00-05:00,61.59,17.0,0.0,-2.4,0.0,1.0,12.25,2.9,3.21,7.3,105.18,29.813250000000004,7.528499999999999
2022-05-03 00:00:00-05:00,84.7625,18.5,0.0,-3.7,0.0,1.0,24.010000000000005,2.9,3.21,7.84,102.53,44.1788,7.9875
2022-05-04 00:00:00-05:00,86.69833333333332,17.3,0.0,-4.1,16.0,0.0,19.360000000000003,2.9,3.24,8.3,102.53,40.14933333333334,8.449333333333334
2022-05-05 00:00:00-05:00,111.36375,16.5,0.0,-3.0999999999999996,39.0,0.0,26.009999999999998,2.9,3.23,8.42,102.53,40.214999999999996,8.805
2022-05-06 00:00:00-05:00,155.7775,15.0,0.0,-2.2,31.0,0.0,31.359999999999996,2.9,3.22,8.35,109.72,39.24166666666667,8.101999999999999
2022-05-07 00:00:00-05:00,103.17375,15.1,0.0,-0.5,31.0,1.0,11.559999999999999,2.9,3.22,8.35,109.72,44.147444444444446,8.101999999999999
2022-05-08 00:00:00-05:00,98.73375,14.8,0.0,-0.19999999999999973,30.0,1.0,6.760000000000001,2.9,3.22,8.35,109.72,49.053222222222225,8.101999999999999
2022-05-09 00:00:00-05:00,97.60374999999999,14.8,0.0,0.8000000000000003,17.0,1.0,10.240000000000002,2.9,3.06,8.06,103.08,53.959,7.074333333333333
2022-05-10 00:00:00-05:00,101.02541666666667,15.1,0.0,0.10000000000000009,6.0,1.0,19.360000000000003,2.9,2.92,6.78,99.74,23.260399999999997,7.4245
2022-05-11 00:00:00-05:00,129.15083333333334,15.6,0.0,-2.4,21.0,1.0,18.49,2.9,3.0,7.53,99.74,3.892666666666667,7.684000000000001
2022-05-12 00:00:00-05:00,170.83375,13.7,0.0,-0.2999999999999998,30.0,1.0,18.49,2.9,2.89,7.25,99.74,4.1895,7.8116666666666665
2022-05-13 00:00:00-05:00,200.91583333333332,14.7,0.0,0.09999999999999964,0.0,1.0,20.25,2.9,3.03,7.75,110.52,39.495,7.724
2022-05-14 00:00:00-05:00,195.89125,15.0,0.0,-1.5999999999999996,14.0,1.0,39.69,2.9,3.03,7.75,110.52,52.25111111111111,7.724
2022-05-15 00:00:00-05:00,243.42208333333335,13.5,0.0,-0.09999999999999964,12.0,1.0,21.159999999999997,2.9,3.03,7.75,110.52,65.00722222222223,7.724
2022-05-16 00:00:00-05:00,131.87458333333333,14.2,0.0,0.0,0.0,1.0,22.090000000000003,2.9,3.04,8.07,114.07,77.76333333333334,8.012
2022-05-17 00:00:00-05:00,102.41624999999999,14.4,0.0,0.8000000000000003,8.0,1.0,18.49,2.9,3.08,8.07,112.31,30.643250000000002,8.35425
2022-05-18 00:00:00-05:00,99.73666666666666,14.1,0.0,0.6999999999999997,9.0,1.0,19.360000000000003,2.9,3.05,8.53,112.31,3.6405,8.417250000000001
2022-05-19 00:00:00-05:00,98.06625000000001,14.9,0.0,0.5,0.0,1.0,9.0,2.9,2.97,8.21,112.31,40.287,8.349
2022-05-20 00:00:00-05:00,94.68666666666667,15.6,0.0,0.19999999999999973,0.0,1.0,4.840000000000001,2.9,2.88,7.97,112.31,3.7910000000000004,8.142
2022-05-21 00:00:00-05:00,100.74541666666666,14.6,0.0,-0.3999999999999999,1.0,1.0,6.760000000000001,2.9,2.88,7.97,112.31,15.761,8.142
2022-05-22 00:00:00-05:00,74.97416666666668,14.1,0.0,0.8999999999999999,10.0,1.0,12.96,2.9,2.88,7.97,112.31,27.730999999999998,8.142
2022-05-23 00:00:00-05:00,84.76958333333333,13.3,0.0,1.1,15.0,1.0,16.0,2.9,2.92,8.16,110.32,39.701,8.802333333333333
2022-05-24 00:00:00-05:00,72.71708333333333,12.0,0.0,1.5999999999999996,44.0,0.0,13.690000000000001,2.9,2.87,8.87,110.32,41.16433333333333,8.808499999999999
2022-05-25 00:00:00-05:00,83.05583333333333,11.5,0.0,1.9000000000000004,13.0,1.0,18.49,2.9,2.88,9.44,110.32,3.834,8.96625
2022-05-26 00:00:00-05:00,85.57791666666667,12.9,0.0,1.6999999999999997,33.0,1.0,19.360000000000003,2.9,2.96,9.44,110.32,4.037333333333334,8.879999999999999
2022-05-27 00:00:00-05:00,115.05874999999999,13.4,0.0,1.5999999999999996,26.0,1.0,16.0,2.9,2.95,8.3,110.32,4.062,8.68
2022-05-28 00:00:00-05:00,109.08833333333332,13.4,0.0,0.9999999999999996,25.0,1.0,9.610000000000001,2.9,2.95,8.3,110.32,9.01925,8.68
2022-05-29 00:00:00-05:00,92.15875,12.8,0.0,1.8000000000000003,27.0,1.0,20.25,2.9,2.95,8.3,110.32,13.976500000000001,8.68
2022-05-30 00:00:00-05:00,70.73041666666667,12.8,0.0,2.4000000000000004,23.0,1.0,16.81,2.9,2.95,8.3,110.32,18.93375,8.68
2022-05-31 00:00:00-05:00,83.43583333333333,12.1,0.0,2.1000000000000005,33.0,1.0,17.64,2.9,2.96,8.46,110.32,23.891000000000002,8.11325
2022-06-01 00:00:00-05:00,115.70291666666667,11.8,0.0,2.8000000000000003,19.0,1.0,19.360000000000003,3.14,2.96,8.47,110.32,122.2,8.659749999999999
2022-06-02 00:00:00-05:00,121.56124999999999,11.6,0.0,3.6000000000000005,20.0,1.0,16.81,3.14,2.97,8.9,110.32,4.296333333333333,8.456000000000001
2022-06-03 00:00:00-05:00,85.86833333333334,11.7,0.0,3.9,9.0,1.0,14.44,3.14,3.04,8.9,110.32,4.356,8.478
2022-06-04 00:00:00-05:00,83.11291666666666,11.9,0.0,3.4999999999999996,17.0,1.0,19.360000000000003,3.14,3.04,8.9,110.32,11.950933333333335,8.478
2022-06-05 00:00:00-05:00,69.28833333333334,11.6,0.0,4.0,9.0,1.0,18.49,3.14,3.04,8.9,110.32,19.54586666666667,8.478
2022-06-06 00:00:00-05:00,85.06666666666666,11.1,0.0,4.7,11.0,1.0,19.360000000000003,3.14,3.05,8.9,118.41,27.140800000000002,9.282666666666666
2022-06-07 00:00:00-05:00,95.79625,11.5,0.0,4.3,3.0,1.0,17.64,3.14,3.03,8.9,119.55,26.799800000000005,9.2525
2022-06-08 00:00:00-05:00,95.91083333333334,11.9,0.0,3.6999999999999997,1.0,1.0,9.610000000000001,3.14,3.06,9.43,121.94,63.096,8.655
2022-06-09 00:00:00-05:00,109.47125,12.1,0.0,3.3000000000000003,3.0,1.0,8.41,3.14,3.08,8.16,121.94,3.8102000000000005,8.9635
2022-06-10 00:00:00-05:00,129.89666666666668,12.2,0.0,3.4,3.0,1.0,12.25,3.14,3.13,8.78,121.94,28.9184,8.85225
2022-06-11 00:00:00-05:00,96.24833333333333,11.9,0.0,4.1,3.0,1.0,10.889999999999999,3.14,3.13,8.78,121.94,20.6726,8.85225
2022-06-12 00:00:00-05:00,91.84833333333334,12.2,0.0,4.0,1.0,1.0,7.290000000000001,3.14,3.13,8.78,121.94,12.4268,8.85225
2022-06-13 00:00:00-05:00,88.98541666666667,11.9,0.0,3.8999999999999995,8.0,1.0,9.0,3.14,3.11,9.0,121.94,4.181,8.600999999999999
2022-06-14 00:00:00-05:00,87.8875,12.5,0.0,3.5,1.0,1.0,8.41,3.14,2.88,9.0,118.92,32.973,7.174333333333333
2022-06-15 00:00:00-05:00,106.33291666666668,12.8,0.0,2.6,0.0,1.0,7.839999999999999,3.14,3.0,7.72,118.92,4.409,7.398666666666667
2022-06-16 00:00:00-05:00,110.26,13.0,0.0,2.8,0.0,1.0,7.290000000000001,3.14,2.87,7.88,118.92,34.71,7.413333333333333
2022-06-17 00:00:00-05:00,131.74375,13.1,0.0,2.5000000000000004,5.0,1.0,9.0,3.14,2.8,7.37,118.92,22.81866666666667,6.89025
2022-06-18 00:00:00-05:00,91.74833333333333,12.3,0.0,3.7,12.0,1.0,19.360000000000003,3.14,2.8,7.37,118.92,54.629111111111115,6.89025
2022-06-19 00:00:00-05:00,85.70125,12.0,0.0,4.0,10.0,1.0,17.64,3.14,2.8,7.37,118.92,86.43955555555556,6.89025
2022-06-20 00:00:00-05:00,84.66875,11.8,0.0,4.0,10.0,1.0,19.360000000000003,3.14,2.8,7.37,118.92,118.25,6.89025
2022-06-21 00:00:00-05:00,83.10625,10.6,0.0,3.8000000000000003,31.0,1.0,17.64,3.14,2.84,6.6,110.49,30.1135,6.767250000000001
2022-06-22 00:00:00-05:00,116.04666666666667,9.8,0.0,4.799999999999999,23.0,1.0,16.0,3.14,2.74,6.76,106.22,29.65475,6.855
2022-06-23 00:00:00-05:00,167.97208333333333,9.8,0.0,5.6,2.0,1.0,14.44,3.14,2.69,6.54,106.22,40.99,6.284
2022-06-24 00:00:00-05:00,93.27166666666666,10.7,0.0,4.9,2.0,1.0,26.009999999999998,3.14,2.82,5.8,106.22,4.218,6.268999999999999
2022-06-25 00:00:00-05:00,73.08208333333333,11.1,0.0,4.300000000000001,2.0,1.0,19.360000000000003,3.14,2.82,5.8,106.22,16.684666666666665,6.268999999999999
2022-06-26 00:00:00-05:00,65.51625,10.9,0.0,4.5,0.0,1.0,7.839999999999999,3.14,2.82,5.8,106.22,29.151333333333326,6.268999999999999
2022-06-27 00:00:00-05:00,66.52083333333333,10.8,0.0,4.6,6.0,1.0,6.25,3.14,2.79,6.09,106.22,41.617999999999995,6.536
2022-06-28 00:00:00-05:00,74.54375,11.6,0.0,3.8000000000000003,36.0,1.0,12.96,3.14,2.73,6.66,106.22,43.46066666666667,6.56275
2022-06-29 00:00:00-05:00,66.77,11.4,0.0,3.9999999999999996,11.0,1.0,9.610000000000001,3.14,2.59,6.69,111.65,57.788500000000006,6.531
2022-06-30 00:00:00-05:00,73.32166666666667,11.2,0.0,3.5999999999999996,54.0,1.0,10.240000000000002,3.14,2.58,6.54,107.76,58.767500000000005,5.43625
2022-07-01 00:00:00-05:00,69.13833333333334,10.3,0.0,4.5,42.0,1.0,12.96,2.9,2.6,5.75,110.3,57.128,5.752
2022-07-02 00:00:00-05:00,66.81333333333333,9.4,0.0,4.6,50.0,1.0,16.0,2.9,2.6,5.75,110.3,52.626,5.752
2022-07-03 00:00:00-05:00,59.796666666666674,9.1,0.0,5.1000000000000005,41.0,1.0,14.44,2.9,2.6,5.75,110.3,48.123999999999995,5.752
2022-07-04 00:00:00-05:00,57.15958333333333,8.4,0.0,5.199999999999999,58.0,1.0,13.690000000000001,2.9,2.6,5.75,110.3,43.622,5.752
2022-07-05 00:00:00-05:00,61.119166666666665,7.699999999999999,0.0,5.9,59.0,1.0,22.090000000000003,2.9,2.51,5.72,110.3,39.12,5.5275
2022-07-06 00:00:00-05:00,59.39208333333334,8.4,0.0,5.0,59.0,1.0,22.090000000000003,2.9,2.48,5.65,110.3,38.36866666666667,5.495
2022-07-07 00:00:00-05:00,89.84500000000001,8.0,0.0,5.2,37.0,1.0,18.49,2.9,2.53,5.83,110.3,40.202666666666666,6.289999999999999
2022-07-08 00:00:00-05:00,142.16291666666666,9.8,0.0,5.199999999999999,18.0,1.0,25.0,2.9,2.62,6.4,106.78,106.78,6.007999999999999
2022-07-09 00:00:00-05:00,119.08833333333332,9.6,0.0,4.4,36.0,0.0,22.090000000000003,2.9,2.62,6.4,106.78,72.42841666666666,6.007999999999999
2022-07-10 00:00:00-05:00,160.90291666666667,9.8,0.0,3.799999999999999,20.0,1.0,25.0,2.9,2.62,6.4,106.78,38.07683333333334,6.007999999999999
2022-07-11 00:00:00-05:00,450.64958333333334,10.0,0.0,4.0,12.0,1.0,23.04,2.9,2.56,6.82,106.78,3.72525,6.359999999999999
2022-07-12 00:00:00-05:00,101.38791666666667,10.0,0.0,4.4,11.0,1.0,20.25,2.9,2.5,6.81,106.78,3.300666666666667,6.07175
2022-07-13 00:00:00-05:00,202.8495833333333,10.0,0.0,4.2,25.0,1.0,22.090000000000003,2.9,2.51,6.68,98.44,21.941399999999998,6.63225
2022-07-14 00:00:00-05:00,170.12,9.4,0.0,3.5999999999999996,71.0,0.0,22.090000000000003,2.9,2.54,6.9,98.44,37.35133333333333,6.5555
2022-07-15 00:00:00-05:00,120.34625,8.9,0.0,3.5,75.0,0.0,23.04,2.9,2.59,6.9,99.59,32.799,6.979666666666667
2022-07-16 00:00:00-05:00,108.79541666666667,8.9,0.0,4.1,39.0,1.0,22.090000000000003,2.9,2.59,6.9,99.59,23.063499999999998,6.979666666666667
2022-07-17 00:00:00-05:00,128.6966666666667,9.4,0.0,4.6,27.0,1.0,25.0,2.9,2.59,6.9,99.59,13.328,6.979666666666667
2022-07-18 00:00:00-05:00,283.93083333333334,9.0,0.0,5.0,11.0,1.0,18.49,2.9,2.63,6.9,99.59,3.5925000000000002,7.4182500000000005
2022-07-19 00:00:00-05:00,157.05166666666668,9.5,0.0,5.3,46.0,1.0,15.209999999999999,2.9,2.67,7.35,106.12,110.53999999999999,7.1885
2022-07-20 00:00:00-05:00,168.64541666666665,10.3,0.0,5.300000000000001,4.0,1.0,20.25,2.9,2.67,7.58,106.12,3.4355999999999995,7.949999999999999
2022-07-21 00:00:00-05:00,84.63583333333334,10.6,0.0,3.2,1.0,1.0,10.240000000000002,2.9,2.55,7.99,106.12,3.313333333333333,7.817666666666667
2022-07-22 00:00:00-05:00,90.04208333333334,10.0,0.0,3.4000000000000004,16.0,1.0,13.690000000000001,2.9,2.56,8.25,106.12,3.4773333333333336,8.244
2022-07-23 00:00:00-05:00,76.00583333333334,10.3,0.0,3.3,56.0,1.0,12.25,2.9,2.56,8.25,106.12,3.495888888888889,8.244
2022-07-24 00:00:00-05:00,73.78375,10.6,0.0,4.2,33.0,1.0,16.0,2.9,2.56,8.25,106.12,3.5144444444444445,8.244
2022-07-25 00:00:00-05:00,88.18666666666667,10.9,0.0,4.3,32.0,1.0,14.44,2.9,2.58,8.25,106.12,3.533,8.619
2022-07-26 00:00:00-05:00,85.79291666666666,10.7,0.0,3.9,25.0,1.0,12.96,2.9,2.56,9.46,106.12,2.863,8.869499999999999
2022-07-27 00:00:00-05:00,90.21291666666667,10.5,0.0,4.5,28.0,1.0,12.25,2.9,2.61,8.65,106.12,3.5220000000000002,8.5925
2022-07-28 00:00:00-05:00,100.65958333333333,10.2,0.0,4.6,26.0,1.0,16.0,2.9,2.67,8.75,99.11,22.616400000000002,8.150333333333334
2022-07-29 00:00:00-05:00,96.70875000000001,10.6,0.0,4.2,16.0,1.0,16.81,2.9,2.73,8.33,101.31,27.92775,8.270333333333333
2022-07-30 00:00:00-05:00,85.69,11.3,0.0,4.1,14.0,1.0,12.96,2.9,2.73,8.33,101.31,19.510055555555553,8.270333333333333
2022-07-31 00:00:00-05:00,80.84791666666666,10.9,0.0,3.6999999999999997,5.0,1.0,13.690000000000001,2.9,2.73,8.33,101.31,11.09236111111111,8.270333333333333
2022-08-01 00:00:00-05:00,83.89791666666666,10.5,0.0,4.5,13.0,0.0,12.25,2.9,2.72,8.33,101.31,2.674666666666667,8.3255
2022-08-02 00:00:00-05:00,73.38708333333334,9.9,0.0,5.1,16.0,1.0,22.090000000000003,2.9,2.69,8.01,101.31,37.64666666666667,7.766500000000001
2022-08-03 00:00:00-05:00,82.80541666666666,9.9,0.0,4.699999999999999,0.0,1.0,14.44,2.9,2.72,7.81,101.31,27.837,8.322
2022-08-04 00:00:00-05:00,130.58,9.0,0.0,4.8,19.0,1.0,10.889999999999999,2.9,2.64,8.4,101.31,2.49825,8.17625
2022-08-05 00:00:00-05:00,96.825,9.7,0.0,5.500000000000001,21.0,1.0,13.690000000000001,2.9,2.64,8.4,91.77,40.260000000000005,8.11625
2022-08-06 00:00:00-05:00,71.94708333333334,9.6,0.0,4.0,52.0,1.0,13.690000000000001,2.9,2.64,8.4,91.77,27.887,8.11625
2022-08-07 00:00:00-05:00,74.07916666666667,8.3,0.0,5.1,27.0,1.0,15.209999999999999,2.9,2.64,8.4,91.77,15.514,8.11625
2022-08-08 00:00:00-05:00,107.89791666666667,8.7,0.0,5.300000000000001,19.0,1.0,14.44,2.9,2.65,7.76,91.77,3.141,7.666
2022-08-09 00:00:00-05:00,121.06583333333333,9.3,0.0,5.1,5.0,1.0,13.690000000000001,2.9,2.66,7.87,91.77,36.68533333333333,7.894500000000001
2022-08-10 00:00:00-05:00,155.545,9.4,0.0,3.5999999999999996,5.0,1.0,12.25,2.9,2.61,7.86,91.77,3.2695,8.284666666666666
2022-08-11 00:00:00-05:00,120.23458333333333,7.9,0.0,4.5,10.0,1.0,21.159999999999997,2.9,2.67,8.53,97.02,33.794999999999995,8.932
2022-08-12 00:00:00-05:00,104.81208333333335,8.3,0.0,5.1,6.0,1.0,20.25,2.9,2.67,8.73,97.02,28.450750000000003,8.837000000000002
2022-08-13 00:00:00-05:00,107.01583333333333,9.8,0.0,3.999999999999999,18.0,1.0,20.25,2.9,2.67,8.73,97.02,27.425083333333333,8.837000000000002
2022-08-14 00:00:00-05:00,93.95541666666666,9.7,0.0,4.300000000000001,34.0,1.0,20.25,2.9,2.67,8.73,97.02,26.399416666666667,8.837000000000002
2022-08-15 00:00:00-05:00,86.49708333333332,9.1,0.0,4.1000000000000005,37.0,1.0,14.44,2.9,2.62,8.73,92.24,25.373749999999998,8.78275
2022-08-16 00:00:00-05:00,140.91375,9.5,0.0,5.1,29.0,1.0,13.690000000000001,2.9,2.61,9.28,89.23,38.73780000000001,9.390333333333333
2022-08-17 00:00:00-05:00,230.08875,9.0,0.0,4.8,17.0,1.0,14.44,2.9,2.65,9.51,90.85,39.6794,9.3225
2022-08-18 00:00:00-05:00,87.52291666666667,9.6,0.0,5.4,0.0,1.0,21.159999999999997,2.9,2.7,9.42,90.85,3.3798000000000004,9.2375
2022-08-19 00:00:00-05:00,87.8775,10.0,0.0,4.4,15.0,1.0,20.25,2.9,2.72,9.14,93.55,39.8554,9.345333333333334
2022-08-20 00:00:00-05:00,75.60041666666667,9.9,0.0,3.6999999999999993,47.0,1.0,13.690000000000001,2.9,2.72,9.14,93.55,27.559933333333333,9.345333333333334
2022-08-21 00:00:00-05:00,70.01958333333333,8.9,0.0,4.1,60.0,1.0,21.159999999999997,2.9,2.72,9.14,93.55,15.264466666666667,9.345333333333334
2022-08-22 00:00:00-05:00,74.70708333333333,8.6,0.0,4.800000000000001,31.0,1.0,19.360000000000003,2.9,2.74,9.85,93.55,2.9690000000000003,9.71175
2022-08-23 00:00:00-05:00,81.78708333333334,9.0,0.0,4.0,36.0,1.0,16.81,2.9,2.77,9.75,96.46,34.993833333333335,9.23075
2022-08-24 00:00:00-05:00,88.78458333333333,8.2,0.0,5.000000000000001,42.0,1.0,15.209999999999999,2.9,2.79,9.27,95.52,66.41466666666666,9.391
2022-08-25 00:00:00-05:00,108.28458333333333,8.6,0.0,5.6000000000000005,27.0,1.0,13.690000000000001,2.9,2.77,9.47,93.33,48.597,9.379333333333333
2022-08-26 00:00:00-05:00,100.21875,8.7,0.0,5.500000000000001,10.0,1.0,16.0,2.9,2.73,9.48,93.33,37.2248,9.314
2022-08-27 00:00:00-05:00,84.05291666666666,10.0,0.0,3.8,2.0,1.0,17.64,2.9,2.73,9.48,93.33,25.852600000000002,9.314
2022-08-28 00:00:00-05:00,78.99333333333333,10.7,0.0,4.5,2.0,1.0,21.159999999999997,2.9,2.73,9.48,93.33,14.480400000000003,9.314
2022-08-29 00:00:00-05:00,90.30166666666668,10.8,0.0,4.4,0.0,1.0,27.040000000000003,2.9,2.71,9.24,93.33,3.1082,9.405249999999999
2022-08-30 00:00:00-05:00,90.35583333333334,11.0,0.0,3.4,6.0,1.0,16.0,2.9,2.67,9.1,92.08,20.546200000000002,9.17375
2022-08-31 00:00:00-05:00,89.10791666666667,11.2,0.0,4.4,1.0,1.0,10.889999999999999,2.9,2.58,8.93,90.09,32.393,9.259500000000001
2022-09-01 00:00:00-05:00,85.92375,11.3,0.0,4.1,5.0,1.0,16.0,3.52,2.52,9.38,87.09,24.053,9.406749999999999
2022-09-02 00:00:00-05:00,88.22083333333335,11.3,0.0,4.5,1.0,1.0,16.0,3.52,2.55,9.18,87.09,3.6003333333333334,8.975
2022-09-03 00:00:00-05:00,77.20958333333333,11.9,0.0,2.8999999999999995,0.0,1.0,12.25,3.52,2.55,9.18,87.09,3.5185,8.975
2022-09-04 00:00:00-05:00,75.40291666666667,13.9,0.0,-0.7000000000000002,1.0,1.0,40.96000000000001,3.52,2.55,9.18,87.09,3.4366666666666665,8.975
2022-09-05 00:00:00-05:00,72.95291666666667,11.4,0.0,1.7999999999999998,1.0,1.0,6.760000000000001,3.52,2.55,9.18,87.09,3.354833333333333,8.975
2022-09-06 00:00:00-05:00,81.8325,12.0,0.0,3.8,2.0,1.0,7.839999999999999,3.52,2.56,8.52,87.09,3.2729999999999997,8.271666666666667
2022-09-07 00:00:00-05:00,83.49249999999999,12.6,0.0,1.6000000000000005,0.0,1.0,15.209999999999999,3.52,2.51,8.12,87.09,17.067666666666668,8.017000000000001
2022-09-08 00:00:00-05:00,89.36291666666666,13.3,0.0,0.5,1.0,1.0,10.889999999999999,3.52,2.46,8.27,87.09,23.75375,8.089666666666666
2022-09-09 00:00:00-05:00,72.49625,13.3,0.0,-0.2999999999999998,47.0,1.0,24.010000000000005,3.52,2.51,8.31,87.09,25.611,8.12525
2022-09-10 00:00:00-05:00,69.05375,12.1,0.0,0.5,75.0,1.0,12.96,3.52,2.51,8.31,87.09,23.787533333333336,8.12525
2022-09-11 00:00:00-05:00,67.47958333333334,11.4,0.0,1.3999999999999995,52.0,1.0,15.209999999999999,3.52,2.51,8.31,87.09,21.964066666666668,8.12525
2022-09-12 00:00:00-05:00,70.12958333333333,12.0,0.0,2.0,23.0,1.0,14.44,3.52,2.52,8.2,88.18,20.140600000000003,8.36825
2022-09-13 00:00:00-05:00,68.41916666666667,11.7,0.0,2.5,22.0,1.0,12.96,3.52,2.56,8.49,88.18,25.445249999999998,8.525
2022-09-14 00:00:00-05:00,62.6925,11.7,0.0,3.0999999999999996,18.0,1.0,11.559999999999999,3.52,2.62,8.7,88.18,3.267666666666667,9.229333333333333
2022-09-15 00:00:00-05:00,64.95208333333333,11.6,0.0,3.6000000000000005,13.0,1.0,16.81,3.52,2.57,8.6,88.18,31.915333333333333,8.488666666666667
2022-09-16 00:00:00-05:00,64.845,11.4,0.0,3.8,8.0,1.0,16.81,3.52,2.49,8.11,88.18,46.312000000000005,7.902
2022-09-17 00:00:00-05:00,61.35041666666667,10.8,0.0,3.6,8.0,1.0,15.209999999999999,3.52,2.49,8.11,88.18,31.473000000000006,7.902
2022-09-18 00:00:00-05:00,67.11666666666666,10.5,0.0,3.3,12.0,1.0,18.49,3.52,2.49,8.11,88.18,16.634000000000004,7.902
2022-09-19 00:00:00-05:00,86.09750000000001,10.1,0.0,2.5,45.0,1.0,20.25,3.52,2.44,7.96,88.18,1.795,7.899000000000001
2022-09-20 00:00:00-05:00,84.08458333333333,10.9,0.0,4.1,16.0,1.0,19.360000000000003,3.52,2.48,8.01,88.18,2.447,7.86675
2022-09-21 00:00:00-05:00,90.56208333333335,11.6,0.0,3.2,4.0,1.0,16.81,3.52,2.47,7.99,88.18,3.0563333333333333,7.92625
2022-09-22 00:00:00-05:00,108.95666666666666,12.6,0.0,2.6000000000000005,0.0,1.0,12.25,3.52,2.45,7.99,88.18,17.473666666666666,7.268000000000001
2022-09-23 00:00:00-05:00,70.66,13.4,0.0,0.9999999999999996,0.0,1.0,6.25,3.52,2.38,6.75,88.18,16.211333333333336,7.09725
2022-09-24 00:00:00-05:00,55.59375,12.8,0.0,1.8000000000000003,3.0,1.0,4.41,3.52,2.38,6.75,88.18,19.980111111111114,7.09725
2022-09-25 00:00:00-05:00,54.89125000000001,14.1,0.0,2.0999999999999996,0.0,1.0,8.41,3.52,2.38,6.75,88.18,23.748888888888892,7.09725
2022-09-26 00:00:00-05:00,54.55125,14.0,0.0,2.2,1.0,1.0,12.25,3.52,2.33,6.75,77.17,27.51766666666667,7.1375
2022-09-27 00:00:00-05:00,50.1175,13.9,0.0,1.6999999999999997,2.0,1.0,10.240000000000002,3.52,2.35,6.83,78.91,21.388749999999998,6.8895
2022-09-28 00:00:00-05:00,49.055416666666666,14.1,0.0,1.6999999999999997,8.0,1.0,4.41,3.52,2.37,6.59,78.91,3.275,7.09825
2022-09-29 00:00:00-05:00,49.29,13.9,0.0,0.8999999999999995,12.0,1.0,7.290000000000001,3.52,2.18,6.57,78.91,3.2800000000000002,7.111999999999999
2022-09-30 00:00:00-05:00,46.42291666666667,13.4,0.0,0.7999999999999998,30.0,1.0,5.289999999999999,3.52,2.14,6.4,79.91,30.296499999999998,7.083000000000001
2022-10-01 00:00:00-05:00,37.60333333333333,13.1,0.0,0.9000000000000004,60.0,0.0,15.209999999999999,3.98,2.14,6.4,79.91,20.897999999999996,7.083000000000001
2022-10-02 00:00:00-05:00,39.50291666666667,12.2,0.0,0.7999999999999998,43.0,0.0,18.49,3.98,2.14,6.4,79.91,11.499499999999998,7.083000000000001
2022-10-03 00:00:00-05:00,48.251666666666665,12.3,0.0,1.9000000000000004,12.0,1.0,9.610000000000001,3.98,2.26,5.64,79.91,2.101,6.852
2022-10-04 00:00:00-05:00,48.50333333333333,12.9,0.0,3.0999999999999996,10.0,1.0,18.49,3.98,2.28,5.4,86.87,24.249000000000002,7.09025
2022-10-05 00:00:00-05:00,50.65958333333333,13.3,0.0,2.7,2.0,1.0,14.44,3.98,2.26,5.84,86.87,4.15,7.16525
2022-10-06 00:00:00-05:00,60.88291666666667,13.6,0.0,2.6000000000000005,0.0,1.0,15.209999999999999,3.98,2.29,6.91,86.87,4.0172,7.175000000000001
2022-10-07 00:00:00-05:00,61.70583333333334,13.8,0.0,2.6,0.0,1.0,12.96,3.98,2.36,6.25,86.87,3.3002000000000002,7.0633333333333335
2022-10-08 00:00:00-05:00,56.86833333333333,13.7,0.0,1.9,1.0,1.0,7.839999999999999,3.98,2.36,6.25,86.87,32.733466666666665,7.0633333333333335
2022-10-09 00:00:00-05:00,56.84125,14.0,0.0,1.2000000000000002,2.0,1.0,9.0,3.98,2.36,6.25,86.87,62.166733333333326,7.0633333333333335
2022-10-10 00:00:00-05:00,58.85333333333333,14.4,0.0,0.6000000000000001,0.0,1.0,10.240000000000002,3.98,2.36,6.25,91.6,91.6,6.734
2022-10-11 00:00:00-05:00,55.70666666666667,14.8,0.0,0.6000000000000001,2.0,1.0,6.25,3.98,2.36,6.2,89.75,33.43333333333333,6.878500000000001
2022-10-12 00:00:00-05:00,87.27541666666667,14.9,0.0,1.3,0.0,1.0,8.41,3.98,2.32,6.6,89.75,3.3038,6.694
2022-10-13 00:00:00-05:00,62.17958333333333,15.1,0.0,1.2999999999999998,0.0,1.0,6.760000000000001,3.98,2.38,6.25,89.75,4.6,7.0295000000000005
2022-10-14 00:00:00-05:00,52.18958333333333,15.4,0.0,0.0,7.0,1.0,5.76,3.98,2.44,6.1,86.1,45.48775,6.918
2022-10-15 00:00:00-05:00,58.085,16.2,0.0,-1.4000000000000001,34.0,1.0,10.889999999999999,3.98,2.44,6.1,86.1,58.99183333333333,6.918
2022-10-16 00:00:00-05:00,58.562083333333334,16.2,0.0,-4.0,50.0,0.0,16.81,3.98,2.44,6.1,86.1,72.49591666666666,6.918
2022-10-17 00:00:00-05:00,54.36833333333333,16.5,0.0,-3.7,19.0,1.0,17.64,3.98,2.48,6.08,86.0,86.0,6.425
2022-10-18 00:00:00-05:00,55.4925,17.8,0.0,-4.2,31.0,1.0,31.359999999999996,3.98,2.42,6.16,86.0,25.66675,6.190250000000001
2022-10-19 00:00:00-05:00,53.58375,18.4,0.0,-5.800000000000001,37.0,1.0,27.040000000000003,3.98,2.46,5.63,86.0,3.3413333333333335,5.896666666666666
2022-10-20 00:00:00-05:00,52.33041666666667,19.4,0.0,-7.0,58.0,1.0,23.04,3.98,2.65,5.1,86.0,3.587,5.768999999999999
2022-10-21 00:00:00-05:00,43.28791666666667,19.0,0.0,-7.0,69.0,0.0,31.359999999999996,3.98,2.69,4.45,86.0,3.703,5.4430000000000005
2022-10-22 00:00:00-05:00,37.61375,17.1,0.0,-6.8999999999999995,69.0,0.0,20.25,3.98,2.69,4.45,86.0,9.5928,5.4430000000000005
2022-10-23 00:00:00-05:00,38.51625,16.9,0.0,-2.5,0.0,1.0,16.0,3.98,2.69,4.45,86.0,15.4826,5.4430000000000005
2022-10-24 00:00:00-05:00,45.69,18.4,0.0,-2.4,0.0,1.0,18.49,3.98,2.72,4.81,86.0,21.3724,5.7082500000000005
2022-10-25 00:00:00-05:00,51.66916666666666,17.5,0.0,-0.8999999999999999,4.0,1.0,8.41,3.98,2.62,5.17,86.0,12.731325,6.109
2022-10-26 00:00:00-05:00,38.094166666666666,18.9,0.0,-2.3,1.0,1.0,14.44,3.98,2.56,5.28,86.0,4.09025,6.069999999999999
2022-10-27 00:00:00-05:00,34.38625,19.7,0.0,-3.3,6.0,1.0,11.559999999999999,3.98,2.57,5.3,86.0,34.37266666666667,5.79225
2022-10-28 00:00:00-05:00,41.695,20.1,0.0,-4.300000000000001,3.0,1.0,19.360000000000003,3.98,2.62,5.02,87.85,31.898666666666667,5.67675
2022-10-29 00:00:00-05:00,51.788333333333334,20.8,0.0,-7.0,29.0,0.0,47.61000000000001,3.98,2.62,5.02,87.85,30.11402777777778,5.67675
2022-10-30 00:00:00-05:00,53.76166666666666,20.3,0.0,-11.7,95.0,0.0,82.80999999999999,3.98,2.62,5.02,87.85,28.32938888888889,5.67675
2022-10-31 00:00:00-05:00,53.02333333333333,18.9,0.0,-9.1,85.0,0.0,33.64,3.98,2.67,5.02,87.85,26.54475,6.2645
2022-11-01 00:00:00-05:00,39.76,19.2,0.0,-8.0,29.0,0.0,43.559999999999995,3.89,2.65,5.02,87.85,33.909,5.897666666666667
2022-11-02 00:00:00-05:00,31.954583333333332,19.9,0.0,-8.3,22.0,0.0,49.0,3.89,2.68,4.58,87.85,3.185,6.201999999999999
2022-11-03 00:00:00-05:00,33.200833333333335,19.9,0.0,-8.3,56.0,0.0,36.0,3.89,2.54,4.65,87.85,3.646333333333333,6.147666666666666
2022-11-04 00:00:00-05:00,44.4575,20.4,0.0,-13.8,99.0,0.0,86.49000000000001,3.89,2.61,4.65,92.58,26.063499999999998,6.389
2022-11-05 00:00:00-05:00,23.116666666666664,19.3,0.0,-12.100000000000001,91.0,0.0,43.559999999999995,3.89,2.61,4.65,92.58,30.684266666666662,6.389
2022-11-06 00:00:00-05:00,23.3404,20.1,0.0,-7.699999999999999,28.0,1.0,16.0,3.89,2.61,4.65,92.58,35.30503333333333,6.389
2022-11-07 00:00:00-06:00,43.03458333333333,22.4,0.0,-11.4,68.0,0.0,33.64,3.89,2.67,4.62,91.8,39.925799999999995,6.80275
2022-11-08 00:00:00-06:00,46.75375,20.3,0.0,-7.8999999999999995,26.0,0.0,17.64,3.89,2.61,4.0,88.8,45.717999999999996,5.97
2022-11-09 00:00:00-06:00,46.492916666666666,19.2,0.0,-5.6000000000000005,12.0,1.0,26.009999999999998,3.89,2.53,3.46,88.8,3.7434999999999996,5.8425
2022-11-10 00:00:00-06:00,80.75208333333333,20.8,0.0,-8.2,20.0,1.0,59.290000000000006,3.89,2.47,4.8,88.8,3.476,6.207
2022-11-11 00:00:00-06:00,49.98708333333334,22.6,0.0,-11.0,15.0,1.0,92.16,3.89,2.47,4.8,89.14,89.14,5.88325
2022-11-12 00:00:00-06:00,54.830000000000005,23.6,0.0,-10.399999999999999,2.0,1.0,40.96000000000001,3.89,2.47,4.8,89.14,69.424,5.88325
2022-11-13 00:00:00-06:00,41.27291666666667,23.2,0.0,-8.6,1.0,1.0,20.25,3.89,2.47,4.8,89.14,49.708000000000006,5.88325
2022-11-14 00:00:00-06:00,44.00458333333333,22.5,0.0,-9.1,20.0,1.0,16.81,3.89,2.42,4.8,85.85,29.992,5.923
2022-11-15 00:00:00-06:00,63.55375,23.9,0.0,-8.7,4.0,1.0,10.889999999999999,3.89,2.4,5.9,85.85,3.5737499999999995,6.00725
2022-11-16 00:00:00-06:00,67.13541666666667,24.2,0.0,-9.8,2.0,1.0,23.04,3.89,2.35,5.88,85.62,19.141,6.1323333333333325
2022-11-17 00:00:00-06:00,51.10874999999999,25.4,0.0,-11.4,14.0,1.0,28.09,3.89,2.32,6.2,85.62,32.537,6.273
2022-11-18 00:00:00-06:00,49.944583333333334,25.3,0.0,-14.7,84.0,0.0,77.44000000000001,3.89,2.28,6.1,80.07,17.959200000000003,6.163
2022-11-19 00:00:00-06:00,66.00500000000001,24.2,0.0,-13.4,81.0,0.0,38.440000000000005,3.89,2.28,6.1,80.07,19.382383333333333,6.163
2022-11-20 00:00:00-06:00,57.00791666666667,23.6,0.0,-12.6,70.0,0.0,53.29,3.89,2.28,6.1,80.07,20.805566666666667,6.163
2022-11-21 00:00:00-06:00,59.240833333333335,22.0,0.0,-11.6,77.0,0.0,24.010000000000005,3.89,2.34,6.23,79.74,22.228749999999998,6.768
2022-11-22 00:00:00-06:00,43.67541666666667,22.6,0.0,-10.2,41.0,0.0,37.209999999999994,3.89,2.35,6.27,80.83,18.767999999999997,6.917249999999999
2022-11-23 00:00:00-06:00,41.99333333333333,22.4,0.0,-9.8,10.0,1.0,38.440000000000005,3.89,2.33,6.57,80.83,3.23375,7.2796666666666665
2022-11-24 00:00:00-06:00,41.9225,23.0,0.0,-13.6,92.0,0.0,60.839999999999996,3.89,2.33,6.57,80.83,85.59,7.2796666666666665
2022-11-25 00:00:00-06:00,49.095416666666665,22.0,0.0,-15.4,100.0,0.0,29.160000000000004,3.89,2.34,6.57,80.83,2.99375,6.978249999999999
2022-11-26 00:00:00-06:00,46.26125,20.8,0.0,-12.399999999999999,91.0,0.0,12.96,3.89,2.34,6.57,80.83,11.662611111111111,6.978249999999999
2022-11-27 00:00:00-06:00,52.624583333333334,21.5,0.0,-11.7,23.0,0.0,11.559999999999999,3.89,2.34,6.57,80.83,20.33147222222222,6.978249999999999
2022-11-28 00:00:00-06:00,51.32708333333333,22.6,0.0,-11.399999999999999,55.0,0.0,19.360000000000003,3.89,2.29,6.0,80.83,29.00033333333333,6.8062499999999995
2022-11-29 00:00:00-06:00,45.74166666666667,21.2,0.0,-10.8,69.0,0.0,19.360000000000003,3.89,2.3,6.03,80.83,18.604,6.491
2022-11-30 00:00:00-06:00,49.56583333333333,21.8,0.0,-10.399999999999999,15.0,1.0,49.0,3.89,2.41,6.03,80.83,3.1903333333333332,6.29325
2022-12-01 00:00:00-06:00,50.213750000000005,21.6,0.0,-9.4,48.0,0.0,17.64,3.62,2.45,6.33,80.83,2.901,6.153499999999999
2022-12-02 00:00:00-06:00,41.97,20.8,0.0,-10.399999999999999,38.0,0.0,22.090000000000003,3.62,2.51,4.92,80.83,23.66325,5.74175
2022-12-03 00:00:00-06:00,44.42250000000001,21.5,0.0,-9.5,12.0,1.0,10.889999999999999,3.62,2.51,4.92,80.83,21.882433333333335,5.74175
2022-12-04 00:00:00-06:00,40.64791666666667,22.4,0.0,-10.4,34.0,1.0,10.889999999999999,3.62,2.51,4.92,80.83,20.101616666666665,5.74175
2022-12-05 00:00:00-06:00,40.75625,22.3,0.0,-9.7,7.0,1.0,30.25,3.62,2.46,4.15,80.83,18.3208,5.1762500000000005
2022-12-06 00:00:00-06:00,40.725833333333334,22.3,0.0,-10.5,1.0,0.0,30.25,3.62,2.38,4.58,80.83,2.73,5.122666666666667
2022-12-07 00:00:00-06:00,44.12583333333333,22.9,0.0,-11.7,42.0,0.0,43.559999999999995,3.62,2.33,4.49,80.83,2.608,5.30075
2022-12-08 00:00:00-06:00,44.01541666666666,22.2,0.0,-12.2,41.0,0.0,24.010000000000005,3.62,2.36,4.79,71.3,25.146,5.334333333333333
2022-12-09 00:00:00-06:00,41.78666666666667,22.6,0.0,-12.2,58.0,0.0,29.160000000000004,3.62,2.3,4.98,71.3,2.1152,5.750333333333334
2022-12-10 00:00:00-06:00,42.11541666666667,22.3,0.0,-12.5,78.0,0.0,30.25,3.62,2.3,4.98,71.3,2.0111333333333334,5.750333333333334
2022-12-11 00:00:00-06:00,39.92,21.1,0.0,-13.1,97.0,0.0,16.0,3.62,2.3,4.98,71.3,1.907066666666667,5.750333333333334
2022-12-12 00:00:00-06:00,39.43625,21.3,0.0,-10.1,64.0,0.0,16.81,3.62,2.35,6.73,71.3,1.8030000000000002,5.971
2022-12-13 00:00:00-06:00,43.680416666666666,22.5,0.0,-10.3,63.0,0.0,20.25,3.62,2.31,7.2,71.3,1.9092500000000001,6.579666666666665
2022-12-14 00:00:00-06:00,46.89125000000001,22.8,0.0,-10.399999999999999,17.0,1.0,38.440000000000005,3.62,2.25,6.54,71.3,2.0155,5.84975
2022-12-15 00:00:00-06:00,48.350833333333334,23.4,0.0,-12.4,46.0,1.0,21.159999999999997,3.62,2.21,6.8,71.3,1.979,6.1645
2022-12-16 00:00:00-06:00,47.85583333333333,23.0,0.0,-12.8,72.0,0.0,12.96,3.62,2.14,6.63,74.19,52.472,5.686
2022-12-17 00:00:00-06:00,43.04125,23.1,0.0,-10.7,23.0,1.0,11.559999999999999,3.62,2.14,6.63,74.19,40.134,5.686
2022-12-18 00:00:00-06:00,40.45041666666667,23.2,0.0,-11.0,26.0,1.0,4.41,3.62,2.14,6.63,74.19,27.796,5.686
2022-12-19 00:00:00-06:00,40.84916666666667,24.8,0.0,-10.4,10.0,1.0,6.760000000000001,3.62,2.19,6.08,74.19,15.458,5.4275
2022-12-20 00:00:00-06:00,43.8975,25.6,0.0,-14.2,23.0,1.0,11.559999999999999,3.62,2.26,5.28,74.19,15.092166666666666,4.98175
2022-12-21 00:00:00-06:00,33.58833333333333,25.3,0.0,-12.3,3.0,1.0,26.009999999999998,3.62,2.31,6.13,74.19,3.021,4.9805
2022-12-22 00:00:00-06:00,52.224583333333335,25.2,0.0,-12.4,17.0,1.0,33.64,3.62,2.24,7.1,74.19,3.0445,4.510666666666666
2022-12-23 00:00:00-06:00,219.70166666666668,26.9,0.0,-16.1,62.0,0.0,49.0,3.62,2.29,7.15,74.19,42.7605,4.735333333333334
2022-12-24 00:00:00-06:00,648.14625,24.9,0.0,-9.5,2.0,1.0,32.49,3.62,2.29,7.15,74.19,32.821625,4.735333333333334
2022-12-25 00:00:00-06:00,51.850833333333334,25.6,0.0,-10.399999999999999,0.0,1.0,30.25,3.62,2.29,7.15,74.19,22.88275,4.735333333333334
2022-12-26 00:00:00-06:00,40.973333333333336,26.4,0.0,-11.4,0.0,1.0,7.839999999999999,3.62,2.29,7.15,74.19,12.943875000000002,4.735333333333334
2022-12-27 00:00:00-06:00,35.54291666666666,27.9,0.0,-12.5,0.0,1.0,5.289999999999999,3.62,2.33,4.88,74.19,3.0049999999999994,4.76825
2022-12-28 00:00:00-06:00,20.597083333333334,32.5,0.0,-19.5,42.0,1.0,34.81,3.62,2.33,4.06,74.19,2.5821666666666667,4.2956666666666665
2022-12-29 00:00:00-06:00,21.63625,32.2,0.0,-23.0,30.0,1.0,44.89,3.62,2.32,3.78,78.43,18.183400000000002,4.139333333333333
2022-12-30 00:00:00-06:00,27.702916666666667,32.2,0.0,-18.799999999999997,1.0,1.0,49.0,3.62,2.33,3.52,78.43,3.333,4.10675
2022-12-31 00:00:00-06:00,16.067916666666665,30.6,0.0,-16.4,0.0,1.0,38.440000000000005,3.62,2.33,3.52,78.43,7.7414375,4.10675
2023-01-01 00:00:00-06:00,15.703333333333333,29.9,0.0,-16.3,0.0,1.0,46.239999999999995,3.53,2.33,3.52,78.43,12.149875,4.10675
2023-01-02 00:00:00-06:00,14.833333333333334,30.8,0.0,-17.8,0.0,1.0,70.56,3.53,2.33,3.52,78.43,16.5583125,4.10675
2023-01-03 00:00:00-06:00,19.6925,32.2,0.0,-19.4,0.0,1.0,94.08999999999999,3.53,2.29,3.52,76.87,20.96675,3.6884999999999994
2023-01-04 00:00:00-06:00,22.614583333333332,32.9,0.0,-19.7,0.0,1.0,106.09000000000002,3.53,2.21,3.75,72.82,50.33166666666667,3.8329999999999997
2023-01-05 00:00:00-06:00,30.845,34.5,0.0,-24.5,78.0,0.0,110.25,3.53,2.22,3.78,73.61,20.28925,3.3920000000000003
2023-01-06 00:00:00-06:00,21.051666666666666,35.7,0.0,-29.299999999999997,100.0,0.0,79.21000000000001,3.53,2.18,3.43,73.61,2.0353333333333334,3.4417500000000003
2023-01-07 00:00:00-06:00,25.559583333333332,37.5,0.0,-31.7,100.0,0.0,86.49000000000001,3.53,2.18,3.43,73.61,14.293055555555556,3.4417500000000003
2023-01-08 00:00:00-06:00,26.148333333333337,35.9,0.0,-31.299999999999997,100.0,0.0,88.36000000000001,3.53,2.18,3.43,73.61,26.55077777777778,3.4417500000000003
2023-01-09 00:00:00-06:00,25.4275,34.4,0.0,-28.799999999999997,100.0,0.0,86.49000000000001,3.53,2.18,3.65,74.69,38.8085,3.6232500000000005
2023-01-10 00:00:00-06:00,21.997083333333332,32.9,0.0,-24.5,58.0,0.0,70.56,3.53,2.2,3.32,75.11,75.11,3.445
2023-01-11 00:00:00-06:00,20.73,34.1,0.0,-22.3,65.0,1.0,67.24,3.53,2.21,3.41,75.11,22.5015,3.328333333333333
2023-01-12 00:00:00-06:00,25.1075,29.9,0.0,-15.9,0.0,1.0,26.009999999999998,3.53,2.21,3.47,78.32,21.914749999999998,3.471
2023-01-13 00:00:00-06:00,31.6125,29.4,0.0,-15.2,0.0,1.0,46.239999999999995,3.53,2.2,3.43,79.9,25.171714285714284,3.3075
2023-01-14 00:00:00-06:00,18.598333333333333,29.5,0.0,-15.3,0.0,1.0,44.89,3.53,2.2,3.43,79.9,44.33114285714286,3.3075
2023-01-15 00:00:00-06:00,11.487916666666665,28.9,0.0,-14.7,0.0,1.0,32.49,3.53,2.2,3.43,79.9,63.49057142857143,3.3075
2023-01-16 00:00:00-06:00,21.45625,28.4,0.0,-15.0,1.0,1.0,31.359999999999996,3.53,2.2,3.43,79.9,82.65,3.3075
2023-01-17 00:00:00-06:00,28.92375,29.1,0.0,-15.3,0.0,1.0,27.040000000000003,3.53,2.18,3.43,79.9,3.567,3.3623333333333334
2023-01-18 00:00:00-06:00,21.540833333333335,31.2,0.0,-18.0,3.0,1.0,47.61000000000001,3.53,2.09,3.2,79.9,2.8605,3.12
2023-01-19 00:00:00-06:00,26.941666666666666,32.1,0.0,-19.7,6.0,1.0,53.29,3.53,2.21,2.91,79.9,2.5612500000000002,3.171
2023-01-20 00:00:00-06:00,19.370833333333334,31.4,0.0,-19.0,3.0,1.0,75.68999999999998,3.53,2.23,3.15,81.27,18.4898,3.143
2023-01-21 00:00:00-06:00,22.47875,31.3,0.0,-18.5,0.0,1.0,84.63999999999999,3.53,2.23,3.15,81.27,26.527700000000003,3.143
2023-01-22 00:00:00-06:00,26.812083333333334,30.3,0.0,-17.5,0.0,1.0,92.16,3.53,2.23,3.15,81.27,34.5656,3.143
2023-01-23 00:00:00-06:00,22.765833333333333,30.8,0.0,-17.6,6.0,1.0,108.16000000000001,3.53,2.28,3.43,81.62,42.603500000000004,3.3106666666666666
2023-01-24 00:00:00-06:00,30.105416666666667,29.1,0.0,-14.899999999999999,4.0,1.0,73.96,3.53,2.29,3.35,81.62,23.71575,3.1285
2023-01-25 00:00:00-06:00,29.966250000000002,28.5,0.0,-13.9,4.0,1.0,68.89000000000001,3.53,2.28,3.09,81.62,19.5312,2.953
2023-01-26 00:00:00-06:00,26.846666666666664,28.5,0.0,-14.5,6.0,0.0,64.0,3.53,2.32,3.09,80.64,43.58025,2.906
2023-01-27 00:00:00-06:00,18.722916666666666,26.8,0.0,-11.8,8.0,1.0,42.25,3.53,2.33,2.83,80.64,85.36,2.9505
2023-01-28 00:00:00-06:00,14.20125,29.3,0.0,-17.1,79.0,0.0,68.89000000000001,3.53,2.33,2.83,80.64,62.477888888888884,2.9505
2023-01-29 00:00:00-06:00,19.176666666666666,27.2,0.0,-17.799999999999997,98.0,0.0,56.25,3.53,2.33,2.83,80.64,39.595777777777776,2.9505
2023-01-30 00:00:00-06:00,38.2875,27.1,0.0,-16.3,90.0,0.0,56.25,3.53,2.3,2.83,80.64,16.71366666666667,2.807
2023-01-31 00:00:00-06:00,74.87708333333333,24.9,0.0,-10.7,14.0,1.0,46.239999999999995,3.53,2.27,2.65,78.95,28.462333333333333,2.827
2023-02-01 00:00:00-06:00,71.43166666666666,24.5,0.0,-9.7,0.0,1.0,38.440000000000005,3.75,2.29,2.65,78.95,18.240000000000002,2.5596666666666663
2023-02-02 00:00:00-06:00,38.2275,28.4,0.0,-18.4,52.0,0.0,59.290000000000006,3.75,2.26,2.67,75.87,40.00275,2.6136666666666666
2023-02-03 00:00:00-06:00,28.132916666666663,27.9,0.0,-15.100000000000001,7.0,1.0,42.25,3.75,2.27,2.67,75.87,21.714749999999995,2.5860000000000003
2023-02-04 00:00:00-06:00,18.883333333333333,27.8,0.0,-14.4,1.0,1.0,39.69,3.75,2.27,2.67,75.87,19.999166666666664,2.5860000000000003
2023-02-05 00:00:00-06:00,16.82166666666667,27.3,0.0,-14.100000000000001,2.0,1.0,33.64,3.75,2.27,2.67,75.87,18.283583333333333,2.5860000000000003
2023-02-06 00:00:00-06:00,13.48375,26.5,0.0,-11.9,0.0,1.0,30.25,3.75,2.33,2.17,74.11,16.568,2.632
2023-02-07 00:00:00-06:00,13.100833333333334,27.2,0.0,-12.2,0.0,1.0,22.090000000000003,3.75,2.4,2.35,74.11,18.422800000000002,2.76725
2023-02-08 00:00:00-06:00,19.559583333333332,28.2,0.0,-13.799999999999999,0.0,1.0,22.090000000000003,3.75,2.46,2.4,74.11,2.7815000000000003,2.506333333333333
2023-02-09 00:00:00-06:00,19.40041666666667,28.2,0.0,-13.2,0.0,1.0,25.0,3.75,2.45,2.4,74.11,2.171333333333333,2.5765000000000002
2023-02-10 00:00:00-06:00,24.062916666666666,26.9,0.0,-12.5,0.0,1.0,27.040000000000003,3.75,2.47,2.4,79.74,41.407,2.7162500000000005
2023-02-11 00:00:00-06:00,25.0275,26.0,0.0,-11.6,0.0,1.0,24.010000000000005,3.75,2.47,2.4,79.74,28.224999999999994,2.7162500000000005
2023-02-12 00:00:00-06:00,18.481666666666666,25.8,0.0,-10.4,0.0,1.0,23.04,3.75,2.47,2.4,79.74,15.042999999999996,2.7162500000000005
2023-02-13 00:00:00-06:00,20.026666666666667,29.4,0.0,-15.600000000000001,34.0,1.0,49.0,3.75,2.44,2.42,79.74,1.861,2.6180000000000003
2023-02-14 00:00:00-06:00,13.29125,28.9,0.0,-20.1,50.0,0.0,54.760000000000005,3.75,2.45,2.42,79.74,2.73,2.75125
2023-02-15 00:00:00-06:00,16.894166666666667,27.9,0.0,-17.5,26.0,1.0,49.0,3.75,2.51,2.45,78.57,21.758999999999997,2.692
2023-02-16 00:00:00-06:00,20.137916666666666,28.7,0.0,-18.1,41.0,0.0,56.25,3.75,2.52,2.48,78.57,2.783,2.619333333333333
2023-02-17 00:00:00-06:00,31.596666666666668,30.1,0.0,-18.3,31.0,0.0,73.96,3.75,2.5,2.28,78.57,22.537750000000003,2.45125
2023-02-18 00:00:00-06:00,21.142500000000002,30.2,0.0,-18.4,32.0,0.0,88.36000000000001,3.75,2.5,2.28,78.57,17.532937500000003,2.45125
2023-02-19 00:00:00-06:00,15.60875,24.6,0.0,-10.2,9.0,1.0,20.25,3.75,2.5,2.28,78.57,12.528125000000001,2.45125
2023-02-20 00:00:00-06:00,15.097499999999998,23.2,0.0,-7.2,1.0,1.0,3.61,3.75,2.5,2.28,78.57,7.523312499999999,2.45125
2023-02-21 00:00:00-06:00,15.92125,23.5,0.0,-6.5,0.0,1.0,4.840000000000001,3.75,2.58,2.12,78.57,2.5185,2.26975
2023-02-22 00:00:00-06:00,19.112916666666667,24.0,0.0,-7.0,0.0,1.0,2.5600000000000005,3.75,2.52,2.07,78.57,2.562666666666667,2.3882499999999998
2023-02-23 00:00:00-06:00,17.815833333333334,24.3,0.0,-8.3,3.0,1.0,4.840000000000001,3.75,2.5,2.07,75.26,20.876,2.52925
2023-02-24 00:00:00-06:00,20.860833333333332,25.1,0.0,-11.3,28.0,1.0,18.49,3.75,2.47,2.36,75.26,22.525750000000002,2.451
2023-02-25 00:00:00-06:00,24.813333333333333,24.4,0.0,-12.4,20.0,1.0,16.81,3.75,2.47,2.36,75.26,15.9495,2.451
2023-02-26 00:00:00-06:00,17.485416666666666,24.6,0.0,-10.2,3.0,1.0,4.840000000000001,3.75,2.47,2.36,75.26,9.37325,2.451
2023-02-27 00:00:00-06:00,21.1125,25.3,0.0,-11.3,2.0,1.0,4.840000000000001,3.75,2.49,2.55,75.26,2.797,2.8775
2023-02-28 00:00:00-06:00,21.128333333333334,25.6,0.0,-11.0,25.0,1.0,10.889999999999999,3.75,2.58,2.5,76.88,80.04499999999999,2.9644999999999997
2023-03-01 00:00:00-06:00,28.5525,25.0,0.0,-11.4,12.0,1.0,17.64,3.66,2.59,2.59,76.88,3.0043333333333333,3.0447499999999996
2023-03-02 00:00:00-06:00,23.51625,25.3,0.0,-14.3,63.0,1.0,31.359999999999996,3.66,2.65,2.59,78.05,28.024666666666665,3.0423333333333336
2023-03-03 00:00:00-06:00,21.695833333333336,26.3,0.0,-13.5,32.0,0.0,59.290000000000006,3.66,2.71,2.66,78.05,2.92,3.2116666666666664
2023-03-04 00:00:00-06:00,20.401666666666667,23.4,0.0,-10.2,20.0,1.0,24.010000000000005,3.66,2.71,2.66,78.05,8.064599999999999,3.2116666666666664
2023-03-05 00:00:00-06:00,18.455833333333334,23.8,0.0,-9.4,1.0,1.0,16.0,3.66,2.71,2.66,78.05,13.2092,3.2116666666666664
2023-03-06 00:00:00-06:00,28.686666666666667,23.0,0.0,-7.6,0.0,1.0,3.61,3.66,2.7,2.46,80.39,18.3538,2.83425
2023-03-07 00:00:00-06:00,28.321250000000003,23.5,0.0,-8.9,16.0,1.0,21.159999999999997,3.66,2.54,2.52,80.39,22.8109,2.8623333333333334
2023-03-08 00:00:00-06:00,34.42541666666667,22.7,0.0,-7.5,13.0,1.0,17.64,3.66,2.47,2.5,76.56,27.268,2.84175
2023-03-09 00:00:00-06:00,30.153750000000002,22.7,0.0,-7.1,6.0,1.0,3.61,3.66,2.43,2.5,76.56,2.196,2.8659999999999997
2023-03-10 00:00:00-06:00,26.904166666666665,22.8,0.0,-12.0,35.0,0.0,19.360000000000003,3.66,2.34,2.4,76.56,2.5614999999999997,2.704
2023-03-11 00:00:00-06:00,21.525000000000002,23.8,0.0,-11.399999999999999,25.0,0.0,38.440000000000005,3.66,2.34,2.4,76.56,7.414199999999999,2.704
2023-03-12 00:00:00-06:00,24.566521739130433,21.2,0.0,-15.2,40.0,0.0,26.009999999999998,3.66,2.34,2.4,76.56,12.2669,2.704
2023-03-13 00:00:00-05:00,22.582083333333333,22.6,0.0,-16.799999999999997,80.0,0.0,28.09,3.66,2.26,2.4,74.68,17.1196,2.87075
2023-03-14 00:00:00-05:00,24.010416666666668,22.4,0.0,-9.2,10.0,1.0,10.240000000000002,3.66,2.35,2.65,74.68,26.068299999999997,2.8272500000000003
2023-03-15 00:00:00-05:00,16.397916666666667,23.4,0.0,-7.0,1.0,1.0,1.2100000000000002,3.66,2.33,2.65,67.38,35.016999999999996,2.6476666666666664
2023-03-16 00:00:00-05:00,15.584583333333333,22.6,0.0,-8.2,19.0,1.0,3.61,3.66,2.26,2.45,68.15,29.431600000000003,2.7515
2023-03-17 00:00:00-05:00,24.499166666666667,23.0,0.0,-6.8,3.0,1.0,1.44,3.66,2.1,2.42,68.15,19.14475,2.57675
2023-03-18 00:00:00-05:00,32.42791666666667,22.7,0.0,-6.5,5.0,1.0,1.2100000000000002,3.66,2.1,2.42,68.15,18.160833333333333,2.57675
2023-03-19 00:00:00-05:00,27.287499999999998,22.8,0.0,-5.8,0.0,1.0,7.290000000000001,3.66,2.1,2.42,68.15,17.176916666666667,2.57675
2023-03-20 00:00:00-05:00,20.3475,22.8,0.0,-5.8,0.0,1.0,4.0,3.66,2.14,2.23,68.15,16.193,2.517
2023-03-21 00:00:00-05:00,17.531666666666666,23.3,0.0,-6.3,1.0,1.0,5.289999999999999,3.66,2.25,1.93,68.15,2.501,2.5180000000000002
2023-03-22 00:00:00-05:00,22.45,23.5,0.0,-6.7,0.0,1.0,2.25,3.66,2.31,2.03,70.71,49.77,2.4565
2023-03-23 00:00:00-05:00,25.5525,23.9,0.0,-7.5,4.0,1.0,4.41,3.66,2.26,2.08,70.71,2.1645999999999996,2.4395
2023-03-24 00:00:00-05:00,30.63208333333333,22.6,0.0,-9.0,26.0,1.0,6.760000000000001,3.66,2.21,2.08,69.22,18.794749999999997,2.606666666666667
2023-03-25 00:00:00-05:00,33.27625,22.0,0.0,-7.2,2.0,1.0,7.290000000000001,3.66,2.21,2.08,69.22,21.668055555555554,2.606666666666667
2023-03-26 00:00:00-05:00,35.05166666666667,22.4,0.0,-6.2,0.0,1.0,9.0,3.66,2.21,2.08,69.22,24.541361111111108,2.606666666666667
2023-03-27 00:00:00-05:00,67.58583333333333,23.1,0.0,-6.8999999999999995,0.0,1.0,9.0,3.66,2.27,2.04,69.22,27.414666666666665,2.37175
2023-03-28 00:00:00-05:00,26.333333333333332,24.1,0.0,-9.1,1.0,1.0,10.889999999999999,3.66,2.34,2.02,69.22,2.6879999999999997,2.3055
2023-03-29 00:00:00-05:00,25.630416666666665,23.5,0.0,-9.3,2.0,1.0,10.240000000000002,3.66,2.38,1.94,69.22,2.414,2.33725
2023-03-30 00:00:00-05:00,22.01125,23.6,0.0,-9.2,21.0,1.0,18.49,3.66,2.4,1.95,69.22,2.793,2.4776666666666665
2023-03-31 00:00:00-05:00,25.19666666666667,21.3,0.0,-8.3,8.0,1.0,15.209999999999999,3.66,2.4,2.1,75.68,17.2264,2.577
2023-04-01 00:00:00-05:00,33.64208333333333,22.7,0.0,-6.7,2.0,1.0,8.41,3.46,2.4,2.1,75.68,12.223850000000002,2.577
2023-04-02 00:00:00-05:00,20.255416666666665,23.6,0.0,-6.6,0.0,1.0,1.6900000000000002,3.46,2.4,2.1,75.68,7.221300000000001,2.577
2023-04-03 00:00:00-05:00,33.527499999999996,23.5,0.0,-7.7,8.0,1.0,6.760000000000001,3.46,2.39,2.09,75.68,2.21875,2.4147499999999997
2023-04-04 00:00:00-05:00,29.98875,22.5,0.0,-6.7,1.0,1.0,7.839999999999999,3.46,2.32,2.13,75.68,2.6353333333333335,2.3489999999999998
2023-04-05 00:00:00-05:00,25.013333333333335,21.7,0.0,-5.9,0.0,1.0,14.44,3.46,2.29,2.17,75.68,2.7815,2.4595000000000002
2023-04-06 00:00:00-05:00,17.371666666666666,22.0,0.0,-7.2,0.0,1.0,20.25,3.46,2.31,2.17,75.68,5.85876,2.32175
2023-04-07 00:00:00-05:00,21.832916666666666,21.7,0.0,-6.7,0.0,1.0,20.25,3.46,2.33,2.17,75.68,8.936020000000001,2.32175
2023-04-08 00:00:00-05:00,24.613333333333333,21.0,0.0,-7.2,2.0,1.0,12.25,3.46,2.33,2.17,75.68,12.013280000000002,2.32175
2023-04-09 00:00:00-05:00,22.49291666666667,20.6,0.0,-6.0,0.0,1.0,4.41,3.46,2.33,2.17,75.68,15.090540000000003,2.32175
2023-04-10 00:00:00-05:00,27.652083333333334,21.9,0.0,-6.699999999999999,8.0,1.0,10.889999999999999,3.46,2.34,2.15,79.79,18.167800000000003,2.44675
2023-04-11 00:00:00-05:00,20.30125,20.7,0.0,-6.7,20.0,1.0,12.25,3.46,2.36,2.19,79.79,2.0443333333333333,2.43425
2023-04-12 00:00:00-05:00,18.506666666666668,19.3,0.0,-6.1,22.0,1.0,8.41,3.46,2.29,2.22,79.79,2.4815,2.3489999999999998
2023-04-13 00:00:00-05:00,19.05375,20.2,0.0,-7.2,18.0,1.0,28.09,3.46,2.29,2.04,79.79,44.508,2.282
2023-04-14 00:00:00-05:00,20.401666666666667,17.8,0.0,-11.0,22.0,0.0,33.64,3.46,2.31,1.87,82.58,29.703999999999997,2.39325
2023-04-15 00:00:00-05:00,29.757083333333338,15.9,0.0,-9.9,15.0,0.0,18.49,3.46,2.31,1.87,82.58,20.75033333333333,2.39325
2023-04-16 00:00:00-05:00,25.616249999999997,18.6,0.0,-5.0,9.0,1.0,10.889999999999999,3.46,2.31,1.87,82.58,11.796666666666667,2.39325
2023-04-17 00:00:00-05:00,17.908333333333335,18.7,0.0,-5.1000000000000005,19.0,0.0,27.040000000000003,3.46,2.35,2.21,82.58,2.843,2.444
2023-04-18 00:00:00-05:00,20.60625,18.3,0.0,-5.1,19.0,0.0,28.09,3.46,2.33,2.21,82.58,2.4539999999999997,2.5536666666666665
2023-04-19 00:00:00-05:00,25.409583333333334,18.6,0.0,-4.0,2.0,1.0,7.290000000000001,3.46,2.33,2.2,79.18,17.4538,2.4667499999999998
2023-04-20 00:00:00-05:00,46.471666666666664,18.5,0.0,-3.9,2.0,1.0,4.840000000000001,3.46,2.28,2.19,77.27,39.914,2.4995000000000003
2023-04-21 00:00:00-05:00,47.91291666666667,19.1,0.0,-2.9000000000000004,0.0,1.0,7.290000000000001,3.46,2.3,2.2,77.27,2.4286666666666665,2.4772499999999997
2023-04-22 00:00:00-05:00,17.485833333333336,20.5,0.0,-3.5,1.0,1.0,4.840000000000001,3.46,2.3,2.2,77.27,8.784444444444443,2.4772499999999997
2023-04-23 00:00:00-05:00,27.003333333333334,21.5,0.0,-4.9,0.0,1.0,5.76,3.46,2.3,2.2,77.27,15.14022222222222,2.4772499999999997
2023-04-24 00:00:00-05:00,28.940833333333334,21.2,0.0,-6.6,9.0,1.0,7.839999999999999,3.46,2.33,2.19,78.64,21.496,2.53875
2023-04-25 00:00:00-05:00,23.412916666666664,20.7,0.0,-5.1,4.0,1.0,4.41,3.46,2.26,2.21,78.64,2.4659999999999997,2.519
2023-04-26 00:00:00-05:00,25.600416666666664,20.6,0.0,-5.2,2.0,1.0,3.24,3.46,2.26,2.19,74.33,26.342,2.3720000000000003
2023-04-27 00:00:00-05:00,39.174166666666665,19.9,0.0,-4.1,3.0,1.0,6.25,3.46,2.29,2.17,74.77,26.480333333333334,2.5300000000000002
2023-04-28 00:00:00-05:00,24.117500000000003,20.2,0.0,-4.6,0.0,1.0,4.41,3.46,2.2,2.27,76.78,40.714999999999996,2.5647499999999996
2023-04-29 00:00:00-05:00,22.11125,20.1,0.0,-4.5,0.0,1.0,5.289999999999999,3.46,2.2,2.27,76.78,33.91633333333333,2.5647499999999996
2023-04-30 00:00:00-05:00,20.32875,19.8,0.0,-3.4000000000000004,0.0,1.0,6.760000000000001,3.46,2.2,2.27,76.78,27.117666666666665,2.5647499999999996
2023-05-01 00:00:00-05:00,28.504583333333333,19.8,0.0,-2.8,0.0,1.0,10.240000000000002,3.57,2.24,2.24,75.65,20.319,2.482
2023-05-02 00:00:00-05:00,29.46291666666667,19.8,0.0,-2.8,0.0,1.0,7.290000000000001,3.57,2.18,2.12,75.65,1.5110000000000001,2.3753333333333333
2023-05-03 00:00:00-05:00,35.5425,18.5,0.0,-2.3,1.0,1.0,10.240000000000002,3.57,2.19,2.01,75.65,13.320583333333335,2.4290000000000003
2023-05-04 00:00:00-05:00,27.419166666666666,18.7,0.0,-1.7,0.0,1.0,16.81,3.57,2.13,1.96,68.52,25.130166666666668,2.28475
2023-05-05 00:00:00-05:00,43.85874999999999,18.8,0.0,-2.0,1.0,1.0,9.0,3.57,2.19,1.85,68.52,2.30375,2.287333333333333
2023-05-06 00:00:00-05:00,44.1,19.5,0.0,-4.3,8.0,1.0,20.25,3.57,2.19,1.85,68.52,2.3043333333333336,2.287333333333333
2023-05-07 00:00:00-05:00,32.54208333333333,18.9,0.0,-2.5,0.0,1.0,16.81,3.57,2.19,1.85,68.52,2.3049166666666667,2.287333333333333
2023-05-08 00:00:00-05:00,68.54333333333334,18.7,0.0,-2.9000000000000004,0.0,1.0,29.160000000000004,3.57,2.22,2.12,68.52,2.3055000000000003,2.41025
2023-05-09 00:00:00-05:00,24.71083333333333,19.2,0.0,-3.4000000000000004,0.0,1.0,19.360000000000003,3.57,2.22,2.22,68.52,27.469333333333335,2.4275
2023-05-10 00:00:00-05:00,23.083333333333332,19.2,0.0,-3.4000000000000004,0.0,1.0,23.04,3.57,2.13,2.12,68.52,1.96275,2.34025
2023-05-11 00:00:00-05:00,36.5325,20.4,0.0,-5.0,0.0,1.0,23.04,3.57,2.1,2.07,68.52,20.623,2.348333333333333
2023-05-12 00:00:00-05:00,31.574166666666667,20.8,0.0,-6.4,9.0,1.0,54.760000000000005,3.57,2.11,1.98,70.02,15.604600000000001,2.4400000000000004
2023-05-13 00:00:00-05:00,26.25,18.9,0.0,-9.1,62.0,0.0,75.68999999999998,3.57,2.11,1.98,70.02,11.221400000000001,2.4400000000000004
2023-05-14 00:00:00-05:00,33.069583333333334,16.3,0.0,-5.8999999999999995,1.0,0.0,24.010000000000005,3.57,2.11,1.98,70.02,6.8382000000000005,2.4400000000000004
2023-05-15 00:00:00-05:00,46.88916666666666,16.7,0.0,-1.4999999999999998,8.0,1.0,25.0,3.57,2.12,2.25,70.02,2.455,2.513666666666667
2023-05-16 00:00:00-05:00,47.153333333333336,16.9,0.0,-0.2999999999999998,0.0,1.0,6.760000000000001,3.57,2.11,2.28,70.85,48.87766666666667,2.502666666666667
2023-05-17 00:00:00-05:00,32.10583333333333,16.6,0.0,0.5999999999999999,1.0,1.0,5.289999999999999,3.57,2.16,2.25,70.85,2.3994999999999997,2.5076666666666667
2023-05-18 00:00:00-05:00,25.797083333333333,15.9,0.0,0.7000000000000002,3.0,1.0,7.290000000000001,3.57,2.16,2.3,71.82,16.327199999999998,2.716
2023-05-19 00:00:00-05:00,31.645416666666666,16.6,0.0,0.5999999999999999,3.0,1.0,11.559999999999999,3.57,2.19,2.37,71.82,1.949,2.7419999999999995
2023-05-20 00:00:00-05:00,29.338333333333335,16.3,0.0,-0.5000000000000002,15.0,1.0,13.690000000000001,3.57,2.19,2.37,71.82,1.8066666666666666,2.7419999999999995
2023-05-21 00:00:00-05:00,24.9175,16.9,0.0,-0.8999999999999999,11.0,1.0,12.25,3.57,2.19,2.37,71.82,1.6643333333333334,2.7419999999999995
2023-05-22 00:00:00-05:00,28.359583333333333,18.2,0.0,-3.4000000000000004,17.0,1.0,57.76,3.57,2.18,2.3,71.82,1.522,2.544
2023-05-23 00:00:00-05:00,27.611666666666668,15.4,0.0,-2.9999999999999996,9.0,0.0,32.49,3.57,2.21,2.22,72.87,31.457600000000003,2.4825
2023-05-24 00:00:00-05:00,30.297083333333333,14.6,0.0,-0.8000000000000003,25.0,1.0,13.690000000000001,3.57,2.14,2.25,72.87,27.668999999999997,2.56
2023-05-25 00:00:00-05:00,29.342083333333335,14.9,0.0,0.30000000000000027,13.0,1.0,19.360000000000003,3.57,2.12,2.23,71.68,15.998800000000003,2.473333333333333
2023-05-26 00:00:00-05:00,29.41875,15.9,0.0,0.5,1.0,1.0,13.690000000000001,3.57,2.13,1.88,71.68,14.480000000000002,2.475
2023-05-27 00:00:00-05:00,24.292916666666667,15.6,0.0,0.19999999999999973,18.0,1.0,14.44,3.57,2.13,1.88,71.68,11.412333333333335,2.475
2023-05-28 00:00:00-05:00,20.45,14.8,0.0,-0.7999999999999998,36.0,1.0,24.010000000000005,3.57,2.13,1.88,71.68,8.344666666666669,2.475
2023-05-29 00:00:00-05:00,20.5425,12.0,0.0,-1.0,48.0,0.0,31.359999999999996,3.57,2.13,1.88,71.68,5.277000000000001,2.475
2023-05-30 00:00:00-05:00,21.32166666666667,11.8,0.0,0.0,46.0,0.0,18.49,3.57,2.12,2.11,71.68,2.2093333333333334,2.4250000000000003
2023-05-31 00:00:00-05:00,20.0575,11.6,0.0,0.6000000000000005,29.0,0.0,17.64,3.57,2.07,2.1,68.11,13.228166666666667,2.3673333333333333
2023-06-01 00:00:00-05:00,22.364583333333332,12.1,0.0,2.1000000000000005,15.0,1.0,15.209999999999999,3.75,2.07,1.77,68.11,2.2809999999999997,2.278
2023-06-02 00:00:00-05:00,23.854166666666668,13.1,0.0,0.7000000000000002,23.0,1.0,18.49,3.75,2.13,1.77,68.11,1.4895,2.30875
2023-06-03 00:00:00-05:00,27.192083333333333,13.1,0.0,0.5,35.0,1.0,17.64,3.75,2.13,1.77,68.11,6.321,2.30875
2023-06-04 00:00:00-05:00,24.558333333333334,12.3,0.0,0.7000000000000002,49.0,0.0,14.44,3.75,2.13,1.77,68.11,11.152499999999998,2.30875
2023-06-05 00:00:00-05:00,25.68375,11.5,0.0,1.9000000000000004,40.0,1.0,21.159999999999997,3.75,2.15,1.92,72.14,15.983999999999998,2.3775000000000004
2023-06-06 00:00:00-05:00,27.773333333333337,11.7,0.0,0.8999999999999995,61.0,1.0,18.49,3.75,2.14,1.92,72.14,2.206,2.3993333333333333
2023-06-07 00:00:00-05:00,36.39083333333333,10.6,0.0,0.8000000000000007,49.0,0.0,21.159999999999997,3.75,2.15,2.13,72.14,2.309,2.4457500000000003
2023-06-08 00:00:00-05:00,36.02708333333333,10.5,0.0,2.7,25.0,1.0,15.209999999999999,3.75,2.14,2.1,72.14,26.826999999999998,2.4469999999999996
2023-06-09 00:00:00-05:00,29.548333333333332,11.3,0.0,3.5,5.0,1.0,20.25,3.75,2.13,1.85,70.16,30.464599999999997,2.34825
2023-06-10 00:00:00-05:00,22.598333333333333,12.2,0.0,3.4,0.0,1.0,14.44,3.75,2.13,1.85,70.16,21.090066666666665,2.34825
2023-06-11 00:00:00-05:00,30.513333333333335,12.2,0.0,2.1999999999999997,1.0,1.0,11.559999999999999,3.75,2.13,1.85,70.16,11.715533333333333,2.34825
2023-06-12 00:00:00-05:00,27.70958333333333,12.1,0.0,3.3000000000000003,6.0,1.0,6.25,3.75,2.09,1.9,70.16,2.3409999999999997,2.4139999999999997
2023-06-13 00:00:00-05:00,29.4375,12.5,0.0,2.7,2.0,1.0,7.290000000000001,3.75,2.12,1.9,69.39,29.833,2.4309999999999996
2023-06-14 00:00:00-05:00,40.36083333333333,13.0,0.0,2.2,0.0,1.0,4.41,3.75,2.15,1.9,69.39,1.902,2.4339999999999997
2023-06-15 00:00:00-05:00,32.494166666666665,13.5,0.0,2.3,0.0,1.0,6.25,3.75,2.16,1.9,69.39,26.837999999999997,2.619333333333333
2023-06-16 00:00:00-05:00,67.20958333333333,13.1,0.0,2.1000000000000005,0.0,1.0,6.760000000000001,3.75,2.17,2.13,69.39,21.05475,2.7215
2023-06-17 00:00:00-05:00,36.99583333333333,11.9,0.0,3.4999999999999996,16.0,1.0,10.889999999999999,3.75,2.17,2.13,69.39,39.39983333333333,2.7215
2023-06-18 00:00:00-05:00,95.27708333333334,12.0,0.0,3.2,12.0,1.0,11.559999999999999,3.75,2.17,2.13,69.39,57.74491666666667,2.7215
2023-06-19 00:00:00-05:00,131.22291666666666,11.8,0.0,3.8000000000000003,7.0,1.0,18.49,3.75,2.17,2.13,69.39,76.09,2.7215
2023-06-20 00:00:00-05:00,543.0254166666667,11.5,0.0,3.9,5.0,1.0,9.0,3.75,2.14,2.38,69.39,17.218200000000003,2.576333333333333
2023-06-21 00:00:00-05:00,188.49916666666664,11.0,0.0,3.6,14.0,1.0,11.559999999999999,3.75,2.15,2.24,69.39,21.0945,2.704
2023-06-22 00:00:00-05:00,44.538333333333334,10.7,0.0,3.3,47.0,1.0,18.49,3.75,2.18,2.27,69.39,19.83925,2.702
2023-06-23 00:00:00-05:00,39.305416666666666,9.3,0.0,2.8999999999999995,50.0,1.0,19.360000000000003,3.75,2.16,2.22,68.91,18.9895,2.818
2023-06-24 00:00:00-05:00,48.15708333333333,9.3,0.0,3.6999999999999993,52.0,1.0,19.360000000000003,3.75,2.16,2.22,68.91,19.05875,2.818
2023-06-25 00:00:00-05:00,115.56708333333334,10.3,0.0,4.7,49.0,1.0,20.25,3.75,2.16,2.22,68.91,19.128,2.818
2023-06-26 00:00:00-05:00,323.56625,10.6,0.0,3.2,35.0,1.0,28.09,3.75,2.13,2.62,69.09,19.19725,2.87175
2023-06-27 00:00:00-05:00,53.24625,11.2,0.0,3.5999999999999996,18.0,1.0,33.64,3.75,2.12,2.68,67.68,24.073666666666668,2.7829999999999995
2023-06-28 00:00:00-05:00,44.029583333333335,11.2,0.0,4.0,13.0,1.0,31.359999999999996,3.75,2.12,2.71,69.54,24.764666666666667,2.6622500000000002
2023-06-29 00:00:00-05:00,35.749583333333334,11.2,0.0,4.0,8.0,1.0,29.160000000000004,3.75,2.15,2.4,69.54,2.49325,2.8639999999999994
2023-06-30 00:00:00-05:00,38.01166666666666,11.1,0.0,4.300000000000001,12.0,1.0,29.160000000000004,3.75,2.18,2.48,70.66,25.827166666666667,2.8105
2023-07-01 00:00:00-05:00,50.70249999999999,11.2,0.0,4.0,9.0,1.0,26.009999999999998,3.9,2.18,2.48,70.66,18.04211111111111,2.8105
2023-07-02 00:00:00-05:00,78.23791666666666,10.9,0.0,4.8999999999999995,9.0,1.0,31.359999999999996,3.9,2.18,2.48,70.66,10.257055555555556,2.8105
2023-07-03 00:00:00-05:00,69.40375,11.2,0.0,5.4,6.0,1.0,7.839999999999999,3.9,2.21,2.48,70.66,2.472,2.841
2023-07-04 00:00:00-05:00,27.199583333333333,11.1,0.0,4.9,13.0,1.0,30.25,3.9,2.21,2.48,70.66,11.773624999999997,2.841
2023-07-05 00:00:00-05:00,32.24208333333333,11.5,0.0,4.5,4.0,1.0,27.040000000000003,3.9,2.2,2.65,70.66,21.075249999999997,2.6935000000000002
2023-07-06 00:00:00-05:00,26.700416666666666,10.9,0.0,4.8999999999999995,13.0,1.0,24.010000000000005,3.9,2.22,2.5,70.66,1.736,2.769
2023-07-07 00:00:00-05:00,26.35875,11.0,0.0,4.6,13.0,1.0,16.81,3.9,2.22,2.49,73.91,26.267,2.72125
2023-07-08 00:00:00-05:00,35.09625,10.4,0.0,5.0,8.0,0.0,17.64,3.9,2.22,2.49,73.91,26.509,2.72125
2023-07-09 00:00:00-05:00,34.82583333333333,9.8,0.0,5.799999999999999,15.0,1.0,25.0,3.9,2.22,2.49,73.91,26.750999999999998,2.72125
2023-07-10 00:00:00-05:00,40.46208333333333,10.0,0.0,5.8,4.0,1.0,31.359999999999996,3.9,2.19,2.55,73.91,26.993,2.8196666666666665
2023-07-11 00:00:00-05:00,33.32625,10.6,0.0,5.6000000000000005,3.0,1.0,19.360000000000003,3.9,2.16,2.57,74.87,20.70525,2.84875
2023-07-12 00:00:00-05:00,39.36416666666667,11.1,0.0,5.300000000000001,1.0,1.0,23.04,3.9,2.18,2.57,74.87,17.688200000000002,2.75425
2023-07-13 00:00:00-05:00,95.47791666666666,11.0,0.0,5.4,6.0,1.0,19.360000000000003,3.9,2.16,2.5,74.87,21.7725,2.6925
2023-07-14 00:00:00-05:00,70.73708333333333,10.5,0.0,5.3,24.0,1.0,13.690000000000001,3.9,2.15,2.5,74.87,28.406666666666666,2.6937499999999996
2023-07-15 00:00:00-05:00,105.445,10.1,0.0,5.7,24.0,1.0,10.889999999999999,3.9,2.15,2.5,74.87,32.31927777777778,2.6937499999999996
2023-07-16 00:00:00-05:00,60.24666666666667,11.9,0.0,3.8999999999999995,7.0,1.0,20.25,3.9,2.15,2.5,74.87,36.23188888888889,2.6937499999999996
2023-07-17 00:00:00-05:00,89.27541666666667,12.0,0.0,2.0,40.0,0.0,14.44,3.9,2.16,2.46,74.87,40.1445,2.6625
2023-07-18 00:00:00-05:00,46.818333333333335,10.7,0.0,2.3,11.0,1.0,14.44,3.9,2.13,2.52,74.87,2.61,2.768
2023-07-19 00:00:00-05:00,42.845416666666665,9.4,0.0,4.6,63.0,1.0,13.690000000000001,3.9,2.13,2.51,75.4,14.746333333333334,2.783333333333333
2023-07-20 00:00:00-05:00,108.29833333333333,9.7,0.0,5.1000000000000005,41.0,1.0,12.25,3.9,2.21,2.61,75.4,2.0366666666666666,2.87525
2023-07-21 00:00:00-05:00,83.67125,10.2,0.0,4.8,46.0,1.0,15.209999999999999,3.9,2.23,2.61,77.06,27.522333333333336,2.743
2023-07-22 00:00:00-05:00,62.97125,10.2,0.0,3.8,41.0,1.0,22.090000000000003,3.9,2.23,2.61,77.06,31.962555555555557,2.743
2023-07-23 00:00:00-05:00,74.19708333333334,10.9,0.0,4.1,7.0,1.0,23.04,3.9,2.23,2.61,77.06,36.40277777777778,2.743
2023-07-24 00:00:00-05:00,52.58375,11.5,0.0,3.9,2.0,1.0,25.0,3.9,2.28,2.68,78.81,40.843,2.8913333333333333
2023-07-25 00:00:00-05:00,32.36625,11.9,0.0,3.8999999999999995,1.0,1.0,18.49,3.9,2.26,2.66,78.81,42.062,2.9015000000000004
2023-07-26 00:00:00-05:00,38.942083333333336,11.3,0.0,3.7,3.0,1.0,13.690000000000001,3.9,2.24,2.6,78.81,22.79525,2.864333333333333
2023-07-27 00:00:00-05:00,41.65416666666667,10.7,0.0,4.9,1.0,1.0,9.0,3.9,2.27,2.47,80.17,28.840666666666667,2.73575
2023-07-28 00:00:00-05:00,42.35666666666666,11.0,0.0,4.8,46.0,1.0,15.209999999999999,3.9,2.28,2.47,80.17,32.301625,2.8556666666666666
2023-07-29 00:00:00-05:00,47.17958333333333,10.6,0.0,4.800000000000001,36.0,1.0,15.209999999999999,3.9,2.28,2.47,80.17,35.76258333333333,2.8556666666666666
2023-07-30 00:00:00-05:00,60.068333333333335,9.9,0.0,4.699999999999999,21.0,1.0,20.25,3.9,2.28,2.47,80.17,39.22354166666666,2.8556666666666666
2023-07-31 00:00:00-05:00,157.04458333333335,9.6,0.0,4.800000000000001,4.0,1.0,25.0,3.9,2.27,2.58,81.8,42.6845,2.8393333333333337
2023-08-01 00:00:00-05:00,59.46,9.8,0.0,4.999999999999999,3.0,1.0,20.25,4.17,2.26,2.58,81.37,22.028750000000002,2.769
2023-08-02 00:00:00-05:00,58.17791666666667,10.3,0.0,4.5,2.0,1.0,19.360000000000003,4.17,2.25,2.43,81.37,23.270000000000003,2.87575
2023-08-03 00:00:00-05:00,87.78458333333333,10.6,0.0,5.2,2.0,1.0,17.64,4.17,2.24,2.44,81.56,43.412,2.94875
2023-08-04 00:00:00-05:00,139.48583333333335,10.6,0.0,5.2,2.0,1.0,22.090000000000003,4.17,2.26,2.53,81.56,1.8125,2.96175
2023-08-05 00:00:00-05:00,66.6225,10.7,0.0,5.5,1.0,1.0,10.889999999999999,4.17,2.26,2.53,81.56,2.2625,2.96175
2023-08-06 00:00:00-05:00,407.4845833333333,10.5,0.0,5.3,25.0,1.0,12.96,4.17,2.26,2.53,81.56,2.7125,2.96175
2023-08-07 00:00:00-05:00,171.49375,9.8,0.0,5.999999999999999,38.0,1.0,22.090000000000003,4.17,2.29,2.65,81.56,3.1625,3.0795
2023-08-08 00:00:00-05:00,73.6875,9.7,0.0,4.9,23.0,1.0,18.49,4.17,2.24,2.77,82.94,18.599399999999996,3.2616666666666667
2023-08-09 00:00:00-05:00,124.07583333333334,9.2,0.0,5.4,13.0,1.0,14.44,4.17,2.23,2.92,82.94,19.9036,3.3285
2023-08-10 00:00:00-05:00,427.6579166666667,9.7,0.0,5.9,3.0,1.0,22.090000000000003,4.17,2.25,2.83,82.94,16.789166666666663,3.0855
2023-08-11 00:00:00-05:00,135.16291666666666,9.6,0.0,5.4,3.0,1.0,13.690000000000001,4.17,2.3,2.61,82.94,2.3346666666666667,3.3089999999999997
2023-08-12 00:00:00-05:00,110.10208333333333,9.8,0.0,6.199999999999999,1.0,1.0,16.0,4.17,2.3,2.61,82.94,16.24652777777778,3.3089999999999997
2023-08-13 00:00:00-05:00,127.16375000000001,10.2,0.0,4.6,0.0,1.0,23.04,4.17,2.3,2.61,82.94,30.158388888888894,3.3089999999999997
2023-08-14 00:00:00-05:00,152.78291666666667,9.8,0.0,4.799999999999999,4.0,0.0,24.010000000000005,4.17,2.29,2.74,82.5,44.07025,3.1793333333333336
2023-08-15 00:00:00-05:00,548.9616666666667,9.6,0.0,5.2,4.0,0.0,22.090000000000003,4.17,2.24,2.65,82.5,86.28,3.12925
2023-08-16 00:00:00-05:00,250.81875,9.4,0.0,5.199999999999999,18.0,1.0,12.96,4.17,2.23,2.55,79.4,41.18,3.0645
2023-08-17 00:00:00-05:00,663.1554166666666,9.2,0.0,5.6000000000000005,16.0,0.0,19.360000000000003,4.17,2.24,2.56,79.4,30.587999999999997,3.09175
2023-08-18 00:00:00-05:00,251.6954166666667,9.6,0.0,5.2,16.0,1.0,27.040000000000003,4.17,2.22,2.44,81.25,56.683,3.0214999999999996
2023-08-19 00:00:00-05:00,89.92375,10.0,0.0,4.8,2.0,1.0,18.49,4.17,2.22,2.44,81.25,47.94577777777778,3.0214999999999996
2023-08-20 00:00:00-05:00,141.96291666666664,9.9,0.0,5.1,4.0,1.0,12.25,4.17,2.22,2.44,81.25,39.20855555555555,3.0214999999999996
2023-08-21 00:00:00-05:00,58.39458333333334,10.0,0.0,5.8,13.0,1.0,12.96,4.17,2.25,2.6,81.25,30.47133333333333,3.0677499999999998
2023-08-22 00:00:00-05:00,62.43375,11.0,0.0,4.8,28.0,1.0,15.209999999999999,4.17,2.27,2.58,80.25,80.25,2.7726666666666664
2023-08-23 00:00:00-05:00,184.82291666666666,11.3,0.0,3.7,8.0,1.0,15.209999999999999,4.17,2.26,2.6,78.91,13.618142857142857,2.91875
2023-08-24 00:00:00-05:00,797.72625,12.6,0.0,3.6000000000000005,0.0,1.0,6.25,4.17,2.24,2.42,78.91,3.559,2.95325
2023-08-25 00:00:00-05:00,1082.22875,12.7,0.0,3.6999999999999997,0.0,1.0,6.25,4.17,2.25,2.46,78.91,16.887166666666666,2.9406666666666665
2023-08-26 00:00:00-05:00,716.0829166666667,12.1,0.0,4.5,0.0,1.0,7.290000000000001,4.17,2.25,2.46,78.91,12.346194444444443,2.9406666666666665
2023-08-27 00:00:00-05:00,535.7141666666666,11.9,0.0,4.5,1.0,1.0,6.25,4.17,2.25,2.46,78.91,7.805222222222222,2.9406666666666665
2023-08-28 00:00:00-05:00,180.46791666666664,12.5,0.0,3.5,4.0,1.0,7.839999999999999,4.17,2.21,2.6,78.91,3.26425,3.1156666666666664
2023-08-29 00:00:00-05:00,75.50708333333334,11.6,0.0,3.4000000000000004,35.0,0.0,16.0,4.17,2.18,2.5,78.91,19.6656,2.907666666666666
2023-08-30 00:00:00-05:00,314.90541666666667,11.1,0.0,3.5000000000000004,39.0,0.0,22.090000000000003,4.17,2.16,2.48,81.64,16.160500000000003,3.35525
2023-08-31 00:00:00-05:00,115.11375,10.7,0.0,4.1,35.0,1.0,16.0,4.17,2.15,2.56,83.55,22.616,3.34025
2023-09-01 00:00:00-05:00,85.00625000000001,10.3,0.0,3.9000000000000004,61.0,1.0,15.209999999999999,4.38,2.17,2.7,85.52,30.471666666666664,3.30225
2023-09-02 00:00:00-05:00,69.83583333333333,10.0,0.0,3.2,69.0,1.0,23.04,4.38,2.17,2.7,85.52,34.10275,3.30225
2023-09-03 00:00:00-05:00,45.247083333333336,10.6,0.0,3.6000000000000005,42.0,1.0,16.0,4.38,2.17,2.7,85.52,37.73383333333333,3.30225
2023-09-04 00:00:00-05:00,24.68041666666667,11.0,0.0,2.0,64.0,1.0,18.49,4.38,2.17,2.7,85.52,41.36491666666666,3.30225
2023-09-05 00:00:00-05:00,36.35791666666666,11.3,0.0,2.7,65.0,1.0,17.64,4.38,2.21,2.6,86.74,44.995999999999995,3.247
2023-09-06 00:00:00-05:00,172.67375,11.1,0.0,2.3000000000000007,68.0,1.0,20.25,4.38,2.23,2.49,87.55,46.515,3.13875
2023-09-07 00:00:00-05:00,361.3283333333334,11.4,0.0,1.5999999999999996,68.0,1.0,19.360000000000003,4.38,2.24,2.45,87.55,47.161,3.15825
2023-09-08 00:00:00-05:00,409.1454166666667,11.5,0.0,2.0999999999999996,39.0,1.0,19.360000000000003,4.38,2.26,2.53,87.55,3.301666666666667,3.0036666666666663
2023-09-09 00:00:00-05:00,55.88458333333333,10.8,0.0,4.0,16.0,1.0,19.360000000000003,4.38,2.26,2.53,87.55,18.079777777777778,3.0036666666666663
2023-09-10 00:00:00-05:00,30.208333333333332,11.5,0.0,3.1,10.0,1.0,18.49,4.38,2.26,2.53,87.55,32.85788888888889,3.0036666666666663
2023-09-11 00:00:00-05:00,31.986666666666665,10.9,0.0,2.0999999999999996,6.0,1.0,20.25,4.38,2.26,2.5,87.55,47.636,3.1567499999999997
2023-09-12 00:00:00-05:00,38.01958333333334,10.1,0.0,-1.0999999999999996,83.0,1.0,14.44,4.38,2.27,2.72,87.55,25.8355,3.2275
2023-09-13 00:00:00-05:00,32.43833333333333,10.4,0.0,2.8,67.0,1.0,19.360000000000003,4.38,2.28,2.76,88.59,38.4346,3.266666666666667
2023-09-14 00:00:00-05:00,28.327083333333334,10.4,0.0,3.0,53.0,1.0,18.49,4.38,2.27,2.81,88.59,16.203,3.3540000000000005
2023-09-15 00:00:00-05:00,29.964166666666667,11.1,0.0,3.9000000000000004,35.0,1.0,10.240000000000002,4.38,2.27,2.81,90.83,18.161666666666665,2.973666666666667
2023-09-16 00:00:00-05:00,28.8025,11.6,0.0,2.8000000000000003,55.0,1.0,21.159999999999997,4.38,2.27,2.81,90.83,13.059527777777777,2.973666666666667
2023-09-17 00:00:00-05:00,36.169999999999995,12.1,0.0,1.9000000000000004,52.0,0.0,18.49,4.38,2.27,2.81,90.83,7.957388888888888,2.973666666666667
2023-09-18 00:00:00-05:00,27.74875,12.3,0.0,0.9000000000000004,53.0,1.0,17.64,4.38,2.29,2.54,90.83,2.85525,3.122666666666667
2023-09-19 00:00:00-05:00,27.19125,12.1,0.0,1.3000000000000007,48.0,1.0,16.0,4.38,2.3,2.46,91.16,32.44,3.2184999999999997
2023-09-20 00:00:00-05:00,75.40958333333334,12.8,0.0,1.4000000000000004,30.0,1.0,16.81,4.38,2.27,2.78,91.16,32.856,3.13325
2023-09-21 00:00:00-05:00,32.92333333333333,12.8,0.0,3.4000000000000004,5.0,1.0,22.090000000000003,4.38,2.29,2.78,89.56,32.114333333333335,3.2103333333333333
2023-09-22 00:00:00-05:00,31.872500000000002,13.5,0.0,2.9,1.0,1.0,6.760000000000001,4.38,2.29,2.63,90.0,32.776999999999994,3.092
2023-09-23 00:00:00-05:00,39.410833333333336,13.4,0.0,2.9999999999999996,0.0,1.0,9.0,4.38,2.29,2.63,90.0,28.48253333333333,3.092
2023-09-24 00:00:00-05:00,61.02875,13.4,0.0,3.1999999999999997,2.0,1.0,16.81,4.38,2.29,2.63,90.0,24.188066666666664,3.092
2023-09-25 00:00:00-05:00,43.3425,14.1,0.0,2.0999999999999996,6.0,1.0,7.290000000000001,4.38,2.25,2.63,89.68,19.8936,3.1245
2023-09-26 00:00:00-05:00,63.596666666666664,13.2,0.0,1.5999999999999996,31.0,1.0,10.240000000000002,4.38,2.2,2.63,89.68,2.5536666666666665,3.0066666666666664
2023-09-27 00:00:00-05:00,90.30874999999999,12.8,0.0,1.4000000000000004,46.0,1.0,14.44,4.38,2.23,2.72,89.68,3.44625,3.2016666666666667
2023-09-28 00:00:00-05:00,38.18083333333333,12.7,0.0,0.2999999999999998,67.0,0.0,14.44,4.38,2.27,2.72,89.68,3.4890000000000003,3.35
2023-09-29 00:00:00-05:00,28.9725,12.6,0.0,1.2000000000000002,57.0,1.0,18.49,4.38,2.22,2.68,89.68,3.346,3.3257499999999998
2023-09-30 00:00:00-05:00,26.707916666666666,12.4,0.0,1.1999999999999993,31.0,1.0,17.64,4.38,2.22,2.68,89.68,3.2725833333333334,3.3257499999999998
2023-10-01 00:00:00-05:00,31.549166666666665,12.4,0.0,1.7999999999999998,39.0,1.0,14.44,4.8,2.22,2.68,89.68,3.1991666666666667,3.3257499999999998
2023-10-02 00:00:00-05:00,35.954166666666666,11.8,0.0,2.6,39.0,1.0,21.159999999999997,4.8,2.23,2.7,89.68,3.12575,3.248
2023-10-03 00:00:00-05:00,32.99583333333333,12.2,0.0,2.8,37.0,1.0,26.009999999999998,4.8,2.21,2.71,89.68,21.052,3.33
2023-10-04 00:00:00-05:00,33.510416666666664,12.9,0.0,2.3,13.0,1.0,29.160000000000004,4.8,2.18,2.92,84.32,18.864599999999996,3.339
2023-10-05 00:00:00-05:00,27.002916666666668,14.1,0.0,2.9,0.0,1.0,12.96,4.8,2.14,2.92,84.32,2.581,3.641666666666667
2023-10-06 00:00:00-05:00,26.54875,14.2,0.0,1.0,43.0,1.0,15.209999999999999,4.8,2.17,3.3,82.83,22.76275,3.6186666666666665
2023-10-07 00:00:00-05:00,21.758750000000003,14.2,0.0,1.4,18.0,1.0,19.360000000000003,4.8,2.17,3.3,82.83,15.405166666666666,3.6186666666666665
2023-10-08 00:00:00-05:00,21.40041666666667,14.6,0.0,1.5999999999999999,3.0,1.0,9.0,4.8,2.17,3.3,82.83,8.047583333333334,3.6186666666666665
2023-10-09 00:00:00-05:00,29.749166666666667,15.2,0.0,0.9999999999999998,12.0,1.0,10.889999999999999,4.8,2.17,3.3,82.83,0.69,3.6567499999999997
2023-10-10 00:00:00-05:00,25.139583333333334,15.8,0.0,0.0,14.0,1.0,29.160000000000004,4.8,2.18,3.34,85.89,59.858000000000004,3.7876666666666665
2023-10-11 00:00:00-05:00,24.753333333333334,16.3,0.0,-0.5000000000000002,13.0,1.0,21.159999999999997,4.8,2.2,3.19,85.89,2.85,3.6183333333333336
2023-10-12 00:00:00-05:00,24.604166666666668,17.0,0.0,-2.8,17.0,1.0,40.96000000000001,4.8,2.23,3.16,85.89,31.503333333333334,3.6662500000000002
2023-10-13 00:00:00-05:00,43.94166666666666,17.3,0.0,-9.700000000000001,76.0,1.0,39.69,4.8,2.26,3.11,85.89,2.9790000000000005,3.60075
2023-10-14 00:00:00-05:00,22.59375,17.3,0.0,-4.5,40.0,1.0,36.0,4.8,2.26,3.11,85.89,2.8822222222222225,3.60075
2023-10-15 00:00:00-05:00,19.714583333333334,17.4,0.0,-3.0,11.0,1.0,11.559999999999999,4.8,2.26,3.11,85.89,2.7854444444444444,3.60075
2023-10-16 00:00:00-05:00,26.74416666666667,17.3,0.0,-3.0999999999999996,9.0,1.0,16.0,4.8,2.3,2.98,85.89,2.6886666666666663,3.294
2023-10-17 00:00:00-05:00,22.697083333333335,18.3,0.0,-3.9,21.0,1.0,37.209999999999994,4.8,2.32,2.94,86.66,19.768,3.4752500000000004
2023-10-18 00:00:00-05:00,22.273333333333337,18.3,0.0,-4.7,19.0,1.0,28.09,4.8,2.35,2.92,88.35,31.493,3.468
2023-10-19 00:00:00-05:00,72.88541666666667,19.0,0.0,-5.0,18.0,1.0,29.160000000000004,4.8,2.52,2.84,88.35,21.044800000000002,3.326
2023-10-20 00:00:00-05:00,80.70458333333333,19.2,0.0,-6.8,25.0,1.0,24.010000000000005,4.8,2.47,2.6,88.35,17.714666666666666,3.27975
2023-10-21 00:00:00-05:00,25.013333333333332,19.1,0.0,-5.9,32.0,0.0,15.209999999999999,4.8,2.47,2.6,88.35,27.633444444444443,3.27975
2023-10-22 00:00:00-05:00,21.08791666666667,18.4,0.0,-6.800000000000001,45.0,0.0,16.0,4.8,2.47,2.6,88.35,37.55222222222222,3.27975
2023-10-23 00:00:00-05:00,27.211250000000003,18.5,0.0,-8.7,14.0,0.0,28.09,4.8,2.41,2.65,88.35,47.471,3.2912500000000002
2023-10-24 00:00:00-05:00,36.907916666666665,18.3,0.0,-7.3,29.0,0.0,32.49,4.8,2.38,2.85,88.35,31.387333333333334,3.3394999999999997
2023-10-25 00:00:00-05:00,44.748333333333335,17.6,0.0,-4.3999999999999995,24.0,1.0,20.25,4.8,2.4,2.86,86.07,36.8378,3.3897500000000003
2023-10-26 00:00:00-05:00,34.04958333333333,18.0,0.0,-4.2,22.0,1.0,13.690000000000001,4.8,2.37,2.87,86.07,2.221,3.4416666666666664
2023-10-27 00:00:00-05:00,57.79208333333333,19.4,0.0,-4.4,8.0,1.0,16.0,4.8,2.39,3.24,86.04,30.50566666666667,3.50325
2023-10-28 00:00:00-05:00,44.72208333333333,19.0,0.0,-7.6,78.0,1.0,38.440000000000005,4.8,2.39,3.24,86.04,31.07077777777778,3.50325
2023-10-29 00:00:00-05:00,35.553333333333335,17.2,0.0,-7.6000000000000005,51.0,1.0,17.64,4.8,2.39,3.24,86.04,31.63588888888889,3.50325
2023-10-30 00:00:00-05:00,56.087916666666665,19.1,0.0,-5.9,43.0,1.0,38.440000000000005,4.8,2.4,3.17,86.04,32.201,3.5564999999999998
2023-10-31 00:00:00-05:00,53.69583333333333,17.7,0.0,-5.9,55.0,1.0,24.010000000000005,4.8,2.4,3.34,86.04,2.738,3.6505
2023-11-01 00:00:00-05:00,32.16625,17.6,0.0,-7.3999999999999995,58.0,1.0,22.090000000000003,4.5,2.36,3.34,81.05,17.82,3.5904999999999996
2023-11-02 00:00:00-05:00,25.685000000000002,19.5,0.0,-6.5,44.0,0.0,13.690000000000001,4.5,2.35,3.12,83.04,35.741400000000006,3.5837499999999998
2023-11-03 00:00:00-05:00,21.8,19.8,0.0,-6.0,15.0,1.0,39.69,4.5,2.32,3.0,83.04,27.568550000000002,3.62975
2023-11-04 00:00:00-05:00,28.77,22.5,0.0,-7.3,23.0,1.0,21.159999999999997,4.5,2.32,3.0,83.04,19.3957,3.62975
2023-11-05 00:00:00-05:00,24.4104,24.7,0.0,-13.9,97.0,0.0,67.24,4.5,2.32,3.0,83.04,11.222850000000001,3.62975
2023-11-06 00:00:00-06:00,28.245833333333334,24.3,0.0,-14.3,98.0,0.0,60.839999999999996,4.5,2.35,2.71,83.04,3.05,3.4037499999999996
2023-11-07 00:00:00-06:00,35.14416666666667,20.1,0.0,-8.7,30.0,1.0,12.25,4.5,2.32,2.0,77.96,80.695,3.3393333333333337
2023-11-08 00:00:00-06:00,69.79166666666667,21.4,0.0,-8.8,31.0,1.0,26.009999999999998,4.5,2.29,2.18,77.96,2.64725,3.2422499999999994
2023-11-09 00:00:00-06:00,29.207083333333333,21.2,0.0,-8.4,31.0,0.0,14.44,4.5,2.3,2.18,77.96,18.417399999999997,3.19075
2023-11-10 00:00:00-06:00,36.30625,20.7,0.0,-7.7,16.0,1.0,12.96,4.5,2.28,2.71,77.96,2.455,3.1495
2023-11-11 00:00:00-06:00,69.26208333333334,20.8,0.0,-7.8,8.0,1.0,26.009999999999998,4.5,2.28,2.71,77.96,2.6086666666666667,3.1495
2023-11-12 00:00:00-06:00,40.479166666666664,22.0,0.0,-8.6,39.0,1.0,29.160000000000004,4.5,2.28,2.71,77.96,2.7623333333333333,3.1495
2023-11-13 00:00:00-06:00,43.85333333333333,20.8,0.0,-11.2,85.0,0.0,22.090000000000003,4.5,2.29,2.61,77.96,2.916,3.2714999999999996
2023-11-14 00:00:00-06:00,50.17125000000001,19.9,0.0,-9.9,38.0,0.0,30.25,4.5,2.23,2.69,77.96,3.0105,3.1905
2023-11-15 00:00:00-06:00,46.10833333333333,19.8,0.0,-8.6,22.0,0.0,23.04,4.5,2.24,2.88,77.96,2.066,3.2089999999999996
2023-11-16 00:00:00-06:00,23.27,19.9,0.0,-8.3,3.0,0.0,31.359999999999996,4.5,2.2,2.91,73.5,23.58914285714286,3.1633333333333336
2023-11-17 00:00:00-06:00,30.91125,18.9,0.0,-7.9,13.0,1.0,31.359999999999996,4.5,2.23,2.62,73.5,22.278999999999996,3.0466666666666664
2023-11-18 00:00:00-06:00,25.600416666666664,21.0,0.0,-6.4,44.0,1.0,33.64,4.5,2.23,2.62,73.5,15.752777777777776,3.0466666666666664
2023-11-19 00:00:00-06:00,17.34625,19.5,0.0,-8.7,83.0,0.0,12.25,4.5,2.23,2.62,73.5,9.226555555555555,3.0466666666666664
2023-11-20 00:00:00-06:00,19.118333333333336,19.1,0.0,-6.5,26.0,1.0,27.040000000000003,4.5,2.26,2.49,73.5,2.700333333333333,2.931
2023-11-21 00:00:00-06:00,17.392916666666668,19.8,0.0,-6.3999999999999995,4.0,0.0,10.889999999999999,4.5,2.19,2.49,73.5,10.108666666666668,2.8965000000000005
2023-11-22 00:00:00-06:00,27.047916666666666,21.4,0.0,-14.6,87.0,0.0,30.25,4.5,2.21,2.72,76.8,17.517000000000003,2.93575
2023-11-23 00:00:00-06:00,19.576249999999998,21.3,0.0,-13.5,91.0,0.0,32.49,4.5,2.21,2.72,76.8,22.647,2.93575
2023-11-24 00:00:00-06:00,21.982083333333335,21.8,0.0,-10.0,40.0,1.0,18.49,4.5,2.21,2.72,76.8,27.776999999999997,2.8859999999999997
2023-11-25 00:00:00-06:00,26.500416666666666,22.4,0.0,-16.200000000000003,95.0,0.0,60.839999999999996,4.5,2.21,2.72,76.8,25.186749999999996,2.8859999999999997
2023-11-26 00:00:00-06:00,22.97375,21.6,0.0,-16.400000000000002,77.0,0.0,39.69,4.5,2.21,2.72,76.8,22.5965,2.8859999999999997
2023-11-27 00:00:00-06:00,36.624583333333334,20.5,0.0,-12.7,32.0,0.0,19.360000000000003,4.5,2.12,2.72,74.46,20.006249999999998,2.84725
2023-11-28 00:00:00-06:00,27.145,21.3,0.0,-12.7,46.0,0.0,38.440000000000005,4.5,2.15,2.78,76.09,39.481,2.738666666666667
2023-11-29 00:00:00-06:00,21.852500000000003,21.2,0.0,-10.8,31.0,0.0,17.64,4.5,2.14,2.7,77.56,40.0855,2.7039999999999997
2023-11-30 00:00:00-06:00,22.565416666666668,21.6,0.0,-11.4,29.0,1.0,26.009999999999998,4.5,2.15,2.75,77.56,1.9206666666666667,2.69925
2023-12-01 00:00:00-06:00,26.902916666666666,21.6,0.0,-11.6,5.0,1.0,40.96000000000001,4.02,2.12,2.63,77.56,1.7229999999999999,2.62
2023-12-02 00:00:00-06:00,23.130416666666665,21.7,0.0,-8.3,2.0,1.0,31.359999999999996,4.02,2.12,2.63,77.56,5.558285714285714,2.62
2023-12-03 00:00:00-06:00,19.589583333333334,23.0,0.0,-10.8,33.0,1.0,29.160000000000004,4.02,2.12,2.63,77.56,9.393571428571427,2.62
2023-12-04 00:00:00-06:00,27.685000000000002,23.4,0.0,-9.8,1.0,1.0,31.359999999999996,4.02,2.13,2.55,77.56,13.22885714285714,2.575
2023-12-05 00:00:00-06:00,27.457083333333333,24.6,0.0,-12.2,28.0,1.0,50.41,4.02,2.09,2.72,77.56,2.508,2.6045
2023-12-06 00:00:00-06:00,25.497083333333332,25.2,0.0,-13.8,21.0,0.0,30.25,4.02,2.05,2.76,68.98,24.49166666666667,2.45975
2023-12-07 00:00:00-06:00,18.93875,23.5,0.0,-10.1,1.0,1.0,40.96000000000001,4.02,2.06,2.52,68.98,2.603,2.498666666666667
2023-12-08 00:00:00-06:00,19.64,24.8,0.0,-9.8,9.0,1.0,21.159999999999997,4.02,2.11,2.57,70.87,49.703,2.456
2023-12-09 00:00:00-06:00,20.09375,24.4,0.0,-8.600000000000001,0.0,1.0,36.0,4.02,2.11,2.57,70.87,41.694944444444445,2.456
2023-12-10 00:00:00-06:00,21.183333333333334,24.8,0.0,-10.0,3.0,1.0,53.29,4.02,2.11,2.57,70.87,33.68688888888889,2.456
2023-12-11 00:00:00-06:00,28.466250000000002,27.9,0.0,-14.9,34.0,1.0,53.29,4.02,2.11,2.39,70.95,25.678833333333333,2.3100000000000005
2023-12-12 00:00:00-06:00,22.042916666666667,28.5,0.0,-13.7,2.0,1.0,79.21000000000001,4.02,2.08,2.37,70.95,1.867,2.206
2023-12-13 00:00:00-06:00,21.741249999999997,27.9,0.0,-12.7,8.0,1.0,22.090000000000003,4.02,2.08,2.37,70.95,20.178,2.26075
2023-12-14 00:00:00-06:00,19.935416666666665,27.5,0.0,-13.7,9.0,1.0,6.760000000000001,4.02,2.18,2.39,71.21,13.608166666666664,2.3113333333333332
2023-12-15 00:00:00-06:00,21.596666666666664,27.1,0.0,-16.3,91.0,0.0,28.09,4.02,2.17,2.44,71.05,30.951599999999996,2.39175
2023-12-16 00:00:00-06:00,17.271666666666665,26.4,0.0,-13.600000000000001,32.0,1.0,37.209999999999994,4.02,2.17,2.44,71.05,26.112599999999997,2.39175
2023-12-17 00:00:00-06:00,18.53,26.9,0.0,-13.100000000000001,0.0,1.0,96.04000000000002,4.02,2.17,2.44,71.05,21.273599999999995,2.39175
2023-12-18 00:00:00-06:00,18.58125,28.8,0.0,-14.8,15.0,1.0,144.0,4.02,2.18,2.59,72.16,16.434599999999996,2.3865000000000003
2023-12-19 00:00:00-06:00,16.707916666666666,32.8,0.0,-24.200000000000003,100.0,0.0,118.81,4.02,2.17,2.44,73.23,20.221250000000005,2.364333333333333
2023-12-20 00:00:00-06:00,15.822083333333333,32.3,0.0,-24.700000000000003,99.0,0.0,121.0,4.02,2.16,2.48,73.23,2.2936666666666667,2.3007500000000003
2023-12-21 00:00:00-06:00,19.978333333333335,29.0,0.0,-20.0,97.0,0.0,39.69,4.02,2.18,2.48,73.59,16.4422,2.3436666666666666
2023-12-22 00:00:00-06:00,20.704583333333336,29.7,0.0,-19.9,95.0,0.0,77.44000000000001,4.02,2.16,2.54,73.59,2.311,2.472
2023-12-23 00:00:00-06:00,12.548333333333334,31.2,0.0,-23.2,70.0,0.0,88.36000000000001,4.02,2.16,2.54,73.59,2.3795625,2.472
2023-12-24 00:00:00-06:00,14.137083333333335,27.0,0.0,-15.6,33.0,0.0,27.040000000000003,4.02,2.16,2.54,73.59,2.448125,2.472
2023-12-25 00:00:00-06:00,18.656666666666666,30.1,0.0,-17.5,64.0,0.0,106.09000000000002,4.02,2.16,2.54,73.59,2.5166875,2.472
2023-12-26 00:00:00-06:00,22.072083333333335,30.2,0.0,-18.4,78.0,0.0,90.25,4.02,2.17,2.5,73.59,2.5852500000000003,2.401666666666667
2023-12-27 00:00:00-06:00,20.66625,25.6,0.0,-11.8,13.0,1.0,12.25,4.02,2.12,2.5,73.59,28.683333333333334,2.40225
2023-12-28 00:00:00-06:00,24.82041666666667,28.1,0.0,-14.899999999999999,45.0,1.0,47.61000000000001,4.02,2.11,2.55,73.59,40.768,2.42375
2023-12-29 00:00:00-06:00,21.23875,31.7,0.0,-22.1,98.0,0.0,98.01,4.02,2.12,2.58,71.89,25.608000000000004,2.37825
2023-12-30 00:00:00-06:00,20.334583333333335,32.3,0.0,-22.5,96.0,0.0,79.21000000000001,4.02,2.12,2.58,71.89,24.391812500000004,2.37825
2023-12-31 00:00:00-06:00,16.91625,28.1,0.0,-16.7,37.0,0.0,31.359999999999996,4.02,2.12,2.58,71.89,23.175625000000004,2.37825
2024-01-01 00:00:00-06:00,20.515833333333333,28.6,0.0,-16.0,23.0,1.0,33.64,4.06,2.12,2.58,71.89,21.9594375,2.37825
2024-01-02 00:00:00-06:00,25.39708333333333,27.4,0.0,-14.600000000000001,13.0,1.0,18.49,4.06,2.17,2.56,71.89,20.74325,2.434
2024-01-03 00:00:00-06:00,23.779583333333335,27.1,0.0,-13.5,4.0,1.0,15.209999999999999,4.06,2.17,2.57,72.97,20.094499999999996,2.531333333333333
2024-01-04 00:00:00-06:00,18.900833333333335,29.7,0.0,-16.9,26.0,1.0,25.0,4.06,2.18,2.83,72.97,2.085,2.6145000000000005
2024-01-05 00:00:00-06:00,20.82,30.8,0.0,-19.0,44.0,0.0,57.76,4.06,2.19,2.75,72.97,2.3365,2.694333333333333
2024-01-06 00:00:00-06:00,25.438333333333333,29.3,0.0,-16.5,18.0,1.0,34.81,4.06,2.19,2.75,72.97,6.9428,2.694333333333333
2024-01-07 00:00:00-06:00,15.100416666666666,31.9,0.0,-22.1,99.0,0.0,77.44000000000001,4.06,2.19,2.75,72.97,11.5491,2.694333333333333
2024-01-08 00:00:00-06:00,13.104166666666666,30.9,0.0,-21.1,98.0,0.0,57.76,4.06,2.19,2.72,71.06,16.1554,2.794
2024-01-09 00:00:00-06:00,23.05875,29.5,0.0,-18.9,58.0,1.0,72.25,4.06,2.17,3.25,71.06,2.4263333333333335,2.844
2024-01-10 00:00:00-06:00,21.964583333333334,29.9,0.0,-18.9,59.0,0.0,72.25,4.06,2.18,3.25,71.57,38.654999999999994,2.7343333333333333
2024-01-11 00:00:00-06:00,16.518333333333334,30.0,0.0,-21.2,99.0,0.0,65.61,4.06,2.18,3.15,71.57,21.773999999999994,2.7163333333333335
2024-01-12 00:00:00-06:00,18.452916666666667,30.2,0.0,-22.4,99.0,0.0,82.80999999999999,4.06,2.22,13.2,71.57,41.2265,2.7845
2024-01-13 00:00:00-06:00,13.819166666666668,28.9,0.0,-20.700000000000003,73.0,0.0,51.84,4.06,2.22,13.2,71.57,54.071000000000005,2.7845
2024-01-14 00:00:00-06:00,64.63625,27.7,0.0,-18.9,84.0,0.0,26.009999999999998,4.06,2.22,13.2,71.57,66.91550000000001,2.7845
2024-01-15 00:00:00-06:00,227.5725,27.0,0.0,-14.6,14.0,1.0,16.0,4.06,2.22,13.2,71.57,79.76,2.7845
2024-01-16 00:00:00-06:00,375.80125,28.5,0.0,-14.5,5.0,1.0,18.49,4.06,2.24,3.25,71.57,28.416,2.622
2024-01-17 00:00:00-06:00,63.78666666666667,28.0,0.0,-13.0,1.0,1.0,6.760000000000001,4.06,2.24,2.86,71.57,2.04425,2.59375
2024-01-18 00:00:00-06:00,21.48166666666667,29.6,0.0,-15.399999999999999,16.0,1.0,18.49,4.06,2.28,2.88,71.57,28.626333333333335,2.4989999999999997
2024-01-19 00:00:00-06:00,24.450416666666666,33.7,0.0,-23.299999999999997,97.0,0.0,77.44000000000001,4.06,2.3,2.7,73.69,32.4268,2.34775
2024-01-20 00:00:00-06:00,32.67125,29.8,0.0,-18.0,21.0,1.0,49.0,4.06,2.3,2.7,73.69,22.250644444444447,2.34775
2024-01-21 00:00:00-06:00,21.029583333333335,31.9,0.0,-18.5,28.0,1.0,39.69,4.06,2.3,2.7,73.69,12.07448888888889,2.34775
2024-01-22 00:00:00-06:00,26.741249999999997,31.9,0.0,-20.5,40.0,1.0,65.61,4.06,2.27,2.35,73.69,1.8983333333333332,2.2293333333333334
2024-01-23 00:00:00-06:00,27.065833333333334,30.6,0.0,-17.4,0.0,1.0,88.36000000000001,4.06,2.26,2.15,73.69,28.896666666666672,2.220666666666667
2024-01-24 00:00:00-06:00,30.556250000000002,30.3,0.0,-16.3,3.0,1.0,56.25,4.06,2.23,2.45,75.48,20.241500000000002,2.386
2024-01-25 00:00:00-06:00,25.476249999999997,29.8,0.0,-16.0,1.0,1.0,20.25,4.06,2.24,2.56,77.91,21.380499999999998,2.31175
2024-01-26 00:00:00-06:00,21.158333333333335,30.5,0.0,-16.3,2.0,1.0,11.559999999999999,4.06,2.26,2.36,77.91,29.603666666666665,2.3623333333333334
2024-01-27 00:00:00-06:00,19.94333333333333,32.0,0.0,-19.6,18.0,1.0,42.25,4.06,2.26,2.36,77.91,26.707277777777776,2.3623333333333334
2024-01-28 00:00:00-06:00,26.36375,33.9,0.0,-22.1,69.0,0.0,50.41,4.06,2.26,2.36,77.91,23.81088888888889,2.3623333333333334
2024-01-29 00:00:00-06:00,21.96291666666667,29.6,0.0,-18.2,2.0,1.0,15.209999999999999,4.06,2.26,2.41,77.25,20.9145,2.2052500000000004
2024-01-30 00:00:00-06:00,20.197083333333335,28.4,0.0,-13.8,1.0,1.0,11.559999999999999,4.06,2.25,2.26,77.25,43.4125,2.225
2024-01-31 00:00:00-06:00,18.787499999999998,28.1,0.0,-12.899999999999999,0.0,1.0,12.96,4.06,2.24,2.19,77.25,2.2820000000000005,2.1966666666666668
2024-02-01 00:00:00-06:00,14.918750000000001,28.9,0.0,-14.5,0.0,1.0,18.49,4.21,2.17,2.15,74.36,20.58875,2.1806666666666668
2024-02-02 00:00:00-06:00,15.992083333333333,28.8,0.0,-13.8,0.0,1.0,19.360000000000003,4.21,2.19,2.01,72.72,25.994,2.16675
2024-02-03 00:00:00-06:00,10.882083333333334,30.4,0.0,-16.4,7.0,1.0,7.290000000000001,4.21,2.19,2.01,72.72,18.076916666666666,2.16675
2024-02-04 00:00:00-06:00,10.268333333333333,29.3,0.0,-15.5,0.0,1.0,9.0,4.21,2.19,2.01,72.72,10.159833333333333,2.16675
2024-02-05 00:00:00-06:00,19.988333333333333,28.8,0.0,-14.0,0.0,1.0,29.160000000000004,4.21,2.26,2.12,72.72,2.24275,2.15625
2024-02-06 00:00:00-06:00,19.322083333333335,28.4,0.0,-13.2,0.0,1.0,31.359999999999996,4.21,2.24,2.1,72.72,2.49825,2.1156666666666664
2024-02-07 00:00:00-06:00,12.798333333333332,29.8,0.0,-16.4,0.0,1.0,77.44000000000001,4.21,2.26,1.94,72.72,2.75375,2.06025
2024-02-08 00:00:00-06:00,14.309583333333334,31.4,0.0,-17.4,15.0,1.0,79.21000000000001,4.21,2.28,1.74,72.72,2.2455000000000003,2.0315
2024-02-09 00:00:00-06:00,18.434166666666666,35.4,0.0,-27.599999999999998,100.0,0.0,132.25,4.21,2.28,1.74,77.26,41.533,1.97225
2024-02-10 00:00:00-06:00,15.43625,35.3,0.0,-27.3,100.0,0.0,94.08999999999999,4.21,2.28,1.74,77.26,36.842777777777776,1.97225
2024-02-11 00:00:00-06:00,15.227500000000001,30.4,0.0,-19.0,38.0,1.0,54.760000000000005,4.21,2.28,1.74,77.26,32.15255555555556,1.97225
2024-02-12 00:00:00-06:00,20.176666666666666,30.5,0.0,-18.5,36.0,0.0,60.839999999999996,4.21,2.27,1.76,77.34,27.462333333333333,2.009
2024-02-13 00:00:00-06:00,14.965833333333334,27.1,0.0,-13.5,6.0,1.0,21.159999999999997,4.21,2.33,1.61,77.34,43.7545,1.8866666666666667
2024-02-14 00:00:00-06:00,9.772916666666667,26.6,0.0,-12.399999999999999,1.0,1.0,28.09,4.21,2.34,1.61,77.34,29.814999999999998,1.752
2024-02-15 00:00:00-06:00,14.824583333333335,29.4,0.0,-15.4,27.0,1.0,40.96000000000001,4.21,2.35,1.61,77.34,2.0296666666666665,1.789
2024-02-16 00:00:00-06:00,10.64125,29.0,0.0,-19.4,69.0,1.0,51.84,4.21,2.38,1.55,77.34,2.498,1.6996666666666667
2024-02-17 00:00:00-06:00,17.34375,26.5,0.0,-11.7,3.0,1.0,6.25,4.21,2.38,1.55,77.34,30.171999999999997,1.6996666666666667
2024-02-18 00:00:00-06:00,18.142916666666668,26.0,0.0,-10.8,3.0,1.0,4.41,4.21,2.38,1.55,77.34,57.84599999999999,1.6996666666666667
2024-02-19 00:00:00-06:00,14.757916666666667,24.8,0.0,-9.0,1.0,1.0,9.610000000000001,4.21,2.38,1.55,77.34,85.52,1.6996666666666667
2024-02-20 00:00:00-06:00,12.53375,25.1,0.0,-9.3,0.0,1.0,28.09,4.21,2.37,1.5,77.34,44.1295,1.7305
2024-02-21 00:00:00-06:00,10.220833333333333,24.6,0.0,-8.0,7.0,1.0,53.29,4.21,2.39,1.58,77.34,2.739,1.8766666666666667
2024-02-22 00:00:00-06:00,13.394583333333332,24.8,0.0,-9.0,3.0,1.0,70.56,4.21,2.37,1.62,79.64,27.632666666666665,1.93425
2024-02-23 00:00:00-06:00,18.292083333333334,26.5,0.0,-10.9,4.0,1.0,64.0,4.21,2.34,1.52,79.64,18.5878,1.80775
2024-02-24 00:00:00-06:00,11.775,28.3,0.0,-15.100000000000001,2.0,1.0,77.44000000000001,4.21,2.34,1.52,79.64,26.837200000000003,1.80775
2024-02-25 00:00:00-06:00,11.810416666666667,29.3,0.0,-14.9,1.0,1.0,92.16,4.21,2.34,1.52,79.64,35.086600000000004,1.80775
2024-02-26 00:00:00-06:00,15.994583333333333,28.3,0.0,-14.100000000000001,2.0,1.0,38.440000000000005,4.21,2.36,1.65,79.64,43.336000000000006,1.9365
2024-02-27 00:00:00-06:00,16.74875,25.4,0.0,-11.2,3.0,1.0,15.209999999999999,4.21,2.38,1.52,79.64,1.989,1.9283333333333335
2024-02-28 00:00:00-06:00,16.616666666666667,26.7,0.0,-11.1,2.0,1.0,5.76,4.21,2.38,1.61,79.64,2.5155,2.235
2024-02-29 00:00:00-06:00,20.270416666666666,25.7,0.0,-10.9,14.0,1.0,18.49,4.21,2.4,1.67,79.22,40.907,2.2053333333333334
2024-03-01 00:00:00-06:00,16.98375,25.2,0.0,-11.600000000000001,10.0,0.0,22.090000000000003,4.21,2.4,1.47,80.9,82.86,2.2176666666666667
2024-03-02 00:00:00-06:00,15.488333333333332,23.6,0.0,-8.8,3.0,1.0,16.0,4.21,2.4,1.47,80.9,65.24666666666667,2.2176666666666667
2024-03-03 00:00:00-06:00,14.542499999999999,22.8,0.0,-7.8,0.0,1.0,27.040000000000003,4.21,2.4,1.47,80.9,47.63333333333333,2.2176666666666667
2024-03-04 00:00:00-06:00,30.836250000000003,22.6,0.0,-7.0,8.0,1.0,33.64,4.21,2.42,1.48,80.9,30.02,2.265
2024-03-05 00:00:00-06:00,47.42541666666667,23.9,0.0,-8.9,2.0,1.0,32.49,4.21,2.39,1.51,80.9,23.373749999999998,2.3375000000000004
2024-03-06 00:00:00-06:00,30.095416666666665,23.9,0.0,-9.5,3.0,1.0,44.89,4.21,2.38,1.67,80.08,15.497166666666667,2.20875
2024-03-07 00:00:00-06:00,20.333333333333332,24.2,0.0,-9.6,2.0,1.0,56.25,4.21,2.34,1.56,79.81,28.817500000000006,2.1035
2024-03-08 00:00:00-06:00,18.5375,24.7,0.0,-10.1,1.0,1.0,37.209999999999994,4.21,2.34,1.54,78.96,21.248499999999996,2.0885
2024-03-09 00:00:00-06:00,21.464166666666667,24.4,0.0,-9.8,21.0,1.0,18.49,4.21,2.34,1.54,78.96,23.993666666666662,2.0885
2024-03-10 00:00:00-06:00,25.436521739130434,26.7,0.0,-16.7,97.0,0.0,81.0,4.21,2.34,1.54,78.96,26.738833333333332,2.0885
2024-03-11 00:00:00-05:00,16.41208333333333,23.4,0.0,-10.2,12.0,1.0,44.89,4.21,2.32,1.54,78.96,29.483999999999998,2.04025
2024-03-12 00:00:00-05:00,14.600833333333334,24.1,0.0,-7.8999999999999995,0.0,1.0,47.61000000000001,4.21,2.35,1.57,78.96,29.697333333333333,1.8733333333333333
2024-03-13 00:00:00-05:00,19.70958333333333,23.0,0.0,-7.8,1.0,1.0,19.360000000000003,4.21,2.37,1.25,78.96,29.194666666666667,1.96975
2024-03-14 00:00:00-05:00,32.854166666666664,22.9,0.0,-7.5,0.0,1.0,21.159999999999997,4.21,2.37,1.26,78.96,23.521,1.908666666666667
2024-03-15 00:00:00-05:00,18.726666666666667,22.6,0.0,-7.8,3.0,1.0,29.160000000000004,4.21,2.39,1.38,78.96,23.329250000000002,2.0656666666666665
2024-03-16 00:00:00-05:00,29.09958333333333,23.7,0.0,-8.1,1.0,1.0,38.440000000000005,4.21,2.39,1.38,78.96,16.483833333333333,2.0656666666666665
2024-03-17 00:00:00-05:00,20.792083333333334,23.4,0.0,-8.0,2.0,1.0,19.360000000000003,4.21,2.39,1.38,78.96,9.638416666666666,2.0656666666666665
2024-03-18 00:00:00-05:00,25.17458333333333,23.4,0.0,-8.4,7.0,1.0,21.159999999999997,4.21,2.39,1.54,78.96,2.793,2.01125
2024-03-19 00:00:00-05:00,19.08875,24.8,0.0,-10.4,4.0,1.0,33.64,4.21,2.38,1.54,84.39,35.988600000000005,2.092
2024-03-20 00:00:00-05:00,22.977083333333336,22.7,0.0,-7.5,0.0,1.0,10.889999999999999,4.21,2.4,1.58,84.39,30.37033333333333,2.0533333333333332
2024-03-21 00:00:00-05:00,35.37416666666667,21.9,0.0,-6.1,4.0,1.0,8.41,4.21,2.43,1.55,84.39,2.58,1.9820000000000002
2024-03-22 00:00:00-05:00,23.365416666666665,22.7,0.0,-5.7,4.0,1.0,9.0,4.21,2.41,1.5,81.1,22.226,2.0093333333333336
2024-03-23 00:00:00-05:00,15.67375,23.2,0.0,-6.6,9.0,1.0,10.889999999999999,4.21,2.41,1.5,81.1,22.643833333333333,2.0093333333333336
2024-03-24 00:00:00-05:00,7.886666666666667,24.0,0.0,-11.0,40.0,0.0,21.159999999999997,4.21,2.41,1.5,81.1,23.061666666666667,2.0093333333333336
2024-03-25 00:00:00-05:00,16.24083333333333,23.1,0.0,-6.699999999999999,0.0,1.0,5.289999999999999,4.21,2.41,1.5,81.1,23.4795,1.93925
2024-03-26 00:00:00-05:00,26.061666666666667,24.3,0.0,-7.699999999999999,17.0,1.0,8.41,4.21,2.38,1.48,82.41,42.466499999999996,1.793
2024-03-27 00:00:00-05:00,19.025000000000002,26.1,0.0,-13.5,59.0,0.0,64.0,4.21,2.37,1.43,82.41,29.450333333333333,2.089
2024-03-28 00:00:00-05:00,21.2025,24.5,0.0,-13.1,40.0,0.0,43.559999999999995,4.21,2.38,1.54,82.41,2.6445,2.0673333333333335
2024-03-29 00:00:00-05:00,8.672916666666667,21.3,0.0,-6.9,28.0,1.0,10.240000000000002,4.21,2.38,1.54,82.41,2.6396249999999997,2.0673333333333335
2024-03-30 00:00:00-05:00,14.326666666666666,20.1,0.0,-5.300000000000001,6.0,1.0,7.839999999999999,4.21,2.38,1.54,82.41,2.63475,2.0673333333333335
2024-03-31 00:00:00-05:00,13.089583333333332,21.5,0.0,-5.1,4.0,1.0,10.889999999999999,4.21,2.38,1.54,82.41,2.629875,2.0673333333333335
2024-04-01 00:00:00-05:00,28.368750000000002,21.3,0.0,-6.3,27.0,1.0,13.690000000000001,4.54,2.41,1.64,82.41,2.625,2.251
2024-04-02 00:00:00-05:00,18.860416666666666,21.7,0.0,-5.5,1.0,1.0,3.61,4.54,2.44,1.65,82.41,2.7678000000000003,2.2342500000000003
2024-04-03 00:00:00-05:00,29.292083333333334,21.8,0.0,-5.199999999999999,1.0,1.0,2.8899999999999997,4.54,2.43,1.86,82.41,2.6959999999999997,2.197
2024-04-04 00:00:00-05:00,17.866666666666667,21.8,0.0,-5.6,9.0,1.0,6.25,4.54,2.42,1.78,82.41,2.498,2.1020000000000003
2024-04-05 00:00:00-05:00,9.063333333333334,21.1,0.0,-4.9,4.0,1.0,5.289999999999999,4.54,2.45,1.58,82.41,2.8536,2.0773333333333333
2024-04-06 00:00:00-05:00,8.600833333333334,21.4,0.0,-5.6,5.0,1.0,9.610000000000001,4.54,2.45,1.58,82.41,10.216650000000001,2.0773333333333333
2024-04-07 00:00:00-05:00,23.473333333333333,21.6,0.0,-5.0,2.0,1.0,16.81,4.54,2.45,1.58,82.41,17.579700000000003,2.0773333333333333
2024-04-08 00:00:00-05:00,26.345416666666665,21.6,0.0,-5.4,7.0,1.0,36.0,4.54,2.47,1.73,82.41,24.94275,2.0773333333333333
2024-04-09 00:00:00-05:00,23.715,22.1,0.0,-6.5,5.0,1.0,12.25,4.54,2.44,1.83,82.41,2.842,2.0773333333333333
2024-04-10 00:00:00-05:00,21.466250000000002,22.6,0.0,-8.8,6.0,1.0,24.010000000000005,4.54,2.49,1.83,82.41,32.306666666666665,2.0773333333333333
2024-04-11 00:00:00-05:00,31.17625,22.6,0.0,-10.399999999999999,16.0,1.0,27.040000000000003,4.54,2.48,1.83,85.79,37.090199999999996,2.0773333333333333
2024-04-12 00:00:00-05:00,14.412083333333333,21.4,0.0,-6.0,30.0,1.0,11.559999999999999,4.54,2.47,1.36,85.79,48.1985,2.0773333333333333
2024-04-13 00:00:00-05:00,12.097500000000002,22.4,0.0,-9.4,53.0,0.0,70.56,4.54,2.47,1.36,85.79,33.030166666666666,2.0773333333333333
2024-04-14 00:00:00-05:00,16.235,21.7,0.0,-10.100000000000001,46.0,0.0,43.559999999999995,4.54,2.47,1.36,85.79,17.861833333333333,2.0773333333333333
2024-04-15 00:00:00-05:00,13.312916666666666,19.8,0.0,-6.6,42.0,0.0,32.49,4.54,2.52,1.41,85.79,2.6935000000000002,2.0773333333333333
2024-04-16 00:00:00-05:00,40.517500000000005,20.0,0.0,-5.6,1.0,1.0,16.0,4.54,2.52,1.38,85.79,2.326916666666667,2.0773333333333333
2024-04-17 00:00:00-05:00,52.98583333333334,20.5,0.0,-4.7,11.0,1.0,10.889999999999999,4.54,2.47,1.5,85.79,1.9603333333333337,2.0773333333333333
2024-04-18 00:00:00-05:00,20.42625,21.2,0.0,-7.4,13.0,1.0,25.0,4.54,2.44,1.59,85.79,14.517857142857142,2.0773333333333333
2024-04-19 00:00:00-05:00,25.00125,20.7,0.0,-5.9,4.0,1.0,9.610000000000001,4.54,2.44,1.43,83.79,16.175500000000003,2.0773333333333333
2024-04-20 00:00:00-05:00,18.828333333333333,20.2,0.0,-6.2,9.0,1.0,23.04,4.54,2.44,1.43,83.79,25.7545,2.0773333333333333
2024-04-21 00:00:00-05:00,22.300416666666667,20.2,0.0,-5.800000000000001,13.0,1.0,16.0,4.54,2.44,1.43,83.79,35.3335,2.0773333333333333
2024-04-22 00:00:00-05:00,17.17125,20.1,0.0,-5.5,5.0,1.0,14.44,4.54,2.45,1.64,83.79,44.9125,2.0773333333333333
2024-04-23 00:00:00-05:00,13.677916666666667,20.6,0.0,-4.6,4.0,1.0,12.96,4.54,2.44,1.59,83.79,2.66,2.0773333333333333
2024-04-24 00:00:00-05:00,28.555833333333336,21.4,0.0,-6.6,5.0,1.0,21.159999999999997,4.54,2.42,1.59,84.09,43.383500000000005,2.0773333333333333
2024-04-25 00:00:00-05:00,16.881249999999998,20.1,0.0,-6.300000000000001,5.0,1.0,16.0,4.54,2.43,1.46,84.92,30.074333333333332,2.0773333333333333
2024-04-26 00:00:00-05:00,25.035,20.7,0.0,-8.3,12.0,0.0,37.209999999999994,4.54,2.44,1.4,85.38,29.552333333333333,2.0773333333333333
2024-04-27 00:00:00-05:00,18.945833333333333,20.4,0.0,-7.6,21.0,1.0,22.090000000000003,4.54,2.44,1.4,85.38,26.29082222222222,2.0773333333333333
2024-04-28 00:00:00-05:00,80.2375,20.9,0.0,-7.699999999999999,25.0,1.0,23.04,4.54,2.44,1.4,85.38,23.029311111111113,2.0773333333333333
2024-04-29 00:00:00-05:00,36.24166666666667,19.2,0.0,-5.8,7.0,1.0,14.44,4.54,2.43,1.55,85.38,19.7678,2.0773333333333333
2024-04-30 00:00:00-05:00,26.657083333333333,20.3,0.0,-5.3,3.0,1.0,14.44,4.54,2.43,1.68,83.49,22.889999999999997,2.0773333333333333
2024-05-01 00:00:00-05:00,17.869583333333335,20.6,0.0,-4.6,8.0,1.0,31.359999999999996,4.48,2.39,1.63,83.49,2.42775,2.0773333333333333
2024-05-02 00:00:00-05:00,62.21,21.7,0.0,-5.9,4.0,1.0,18.49,4.48,2.37,1.66,83.49,2.447,2.0773333333333333
2024-05-03 00:00:00-05:00,34.6425,23.6,0.0,-10.8,56.0,0.0,53.29,4.48,2.35,1.67,83.49,2.431,2.0773333333333333
2024-05-04 00:00:00-05:00,19.76875,21.0,0.0,-8.6,2.0,1.0,20.25,4.48,2.35,1.67,83.49,2.138333333333333,2.0773333333333333
2024-05-05 00:00:00-05:00,23.23125,19.6,0.0,-5.4,4.0,1.0,10.240000000000002,4.48,2.35,1.67,83.49,1.8456666666666668,2.0773333333333333
2024-05-06 00:00:00-05:00,20.375833333333333,18.7,0.0,-4.5,16.0,1.0,20.25,4.48,2.34,1.88,83.49,1.553,2.0773333333333333
2024-05-07 00:00:00-05:00,33.089999999999996,19.3,0.0,-6.1,13.0,0.0,37.209999999999994,4.48,2.32,1.95,83.49,2.1315,2.0773333333333333
2024-05-08 00:00:00-05:00,275.20375,16.9,0.0,-3.4999999999999996,12.0,1.0,33.64,4.48,2.31,1.95,80.57,21.53175,2.0773333333333333
2024-05-09 00:00:00-05:00,28.390416666666667,18.3,0.0,-1.5,2.0,1.0,7.290000000000001,4.48,2.34,2.03,80.57,42.869,2.0773333333333333
2024-05-10 00:00:00-05:00,27.140833333333333,18.1,0.0,-2.3000000000000003,6.0,1.0,14.44,4.48,2.34,2.14,80.57,2.405,2.0773333333333333
2024-05-11 00:00:00-05:00,21.34875,18.5,0.0,-4.1,45.0,1.0,38.440000000000005,4.48,2.34,2.14,80.57,7.617066666666666,2.0773333333333333
2024-05-12 00:00:00-05:00,19.228333333333335,16.9,0.0,-2.3,22.0,1.0,26.009999999999998,4.48,2.34,2.14,80.57,12.829133333333331,2.0773333333333333
2024-05-13 00:00:00-05:00,55.594166666666666,16.3,0.0,-0.7,11.0,1.0,8.41,4.48,2.33,2.11,80.71,18.041199999999996,2.0773333333333333
2024-05-14 00:00:00-05:00,61.79125,16.3,0.0,-0.7,22.0,1.0,51.84,4.48,2.32,2.11,80.71,22.0045,2.0773333333333333
2024-05-15 00:00:00-05:00,20.266666666666666,14.9,0.0,1.7000000000000002,19.0,1.0,14.44,4.48,2.29,2.12,80.23,15.386833333333334,2.0773333333333333
2024-05-16 00:00:00-05:00,34.094166666666666,15.1,0.0,1.7,9.0,1.0,16.81,4.48,2.3,2.32,80.23,1.6955,2.0773333333333333
2024-05-17 00:00:00-05:00,90.93666666666667,16.5,0.0,-0.8999999999999999,19.0,1.0,44.89,4.48,2.32,2.44,80.23,18.394,2.0773333333333333
2024-05-18 00:00:00-05:00,31.205833333333334,16.5,0.0,-2.1,30.0,0.0,57.76,4.48,2.32,2.44,80.23,13.100999999999999,2.0773333333333333
2024-05-19 00:00:00-05:00,21.951666666666668,15.6,0.0,-1.2000000000000002,42.0,0.0,33.64,4.48,2.32,2.44,80.23,7.808,2.0773333333333333
2024-05-20 00:00:00-05:00,28.230833333333333,14.4,0.0,-0.8000000000000003,44.0,1.0,20.25,4.48,2.33,2.52,80.23,2.5149999999999997,2.0773333333333333
2024-05-21 00:00:00-05:00,32.877916666666664,14.1,0.0,-0.8999999999999999,37.0,1.0,23.04,4.48,2.33,2.52,80.66,22.016,2.0773333333333333
2024-05-22 00:00:00-05:00,31.49,13.0,0.0,0.0,39.0,1.0,18.49,4.48,2.33,2.51,80.66,28.201666666666668,2.0773333333333333
2024-05-23 00:00:00-05:00,29.01625,12.2,0.0,0.7999999999999998,39.0,1.0,23.04,4.48,2.31,2.51,80.66,79.25,2.0773333333333333
2024-05-24 00:00:00-05:00,104.91333333333334,12.4,0.0,0.7999999999999998,26.0,1.0,16.81,4.48,2.33,2.22,78.48,27.759,2.0773333333333333
2024-05-25 00:00:00-05:00,28.985416666666666,11.7,0.0,1.7000000000000002,38.0,1.0,17.64,4.48,2.33,2.22,78.48,21.470625,2.0773333333333333
2024-05-26 00:00:00-05:00,155.00958333333332,11.3,0.0,2.7,27.0,1.0,26.009999999999998,4.48,2.33,2.22,78.48,15.18225,2.0773333333333333
2024-05-27 00:00:00-05:00,63.50458333333333,12.1,0.0,3.7,3.0,1.0,24.010000000000005,4.48,2.33,2.22,78.48,8.893875000000001,2.0773333333333333
2024-05-28 00:00:00-05:00,28.939999999999998,12.6,0.0,3.2,15.0,1.0,8.41,4.48,2.33,2.29,78.48,2.6055,2.0773333333333333
2024-05-29 00:00:00-05:00,23.756249999999998,12.6,0.0,3.6000000000000005,9.0,1.0,18.49,4.48,2.36,2.2,80.24,28.316999999999997,2.0773333333333333
2024-05-30 00:00:00-05:00,20.097916666666666,12.6,0.0,2.8000000000000003,18.0,1.0,16.0,4.48,2.35,1.87,80.24,2.0103999999999997,2.0773333333333333
2024-05-31 00:00:00-05:00,30.88333333333333,12.1,0.0,3.3000000000000003,23.0,1.0,38.440000000000005,4.48,2.34,1.78,77.97,21.21525,2.0773333333333333
2024-06-01 00:00:00-05:00,26.894166666666667,13.4,0.0,2.3999999999999995,10.0,1.0,25.0,4.31,2.34,1.78,77.97,23.152277777777776,2.0773333333333333
2024-06-02 00:00:00-05:00,21.82625,13.8,0.0,2.0,7.0,1.0,25.0,4.31,2.34,1.78,77.97,25.089305555555555,2.0773333333333333
2024-06-03 00:00:00-05:00,23.548333333333332,12.7,0.0,1.2999999999999998,20.0,1.0,24.010000000000005,4.31,2.31,2.55,77.97,27.02633333333333,2.0773333333333333
2024-06-04 00:00:00-05:00,33.39875,12.5,0.0,2.1,20.0,1.0,18.49,4.31,2.28,2.58,74.27,16.315599999999996,2.0773333333333333
2024-06-05 00:00:00-05:00,42.665,12.9,0.0,1.8999999999999995,51.0,1.0,27.040000000000003,4.31,2.27,2.27,74.27,2.299,2.0773333333333333
2024-06-06 00:00:00-05:00,50.2525,12.5,0.0,1.5,25.0,1.0,19.360000000000003,4.31,2.25,2.3,76.52,39.6765,2.0773333333333333
2024-06-07 00:00:00-05:00,28.14833333333333,12.3,0.0,2.3000000000000003,40.0,1.0,16.81,4.31,2.28,2.46,76.53,39.4815,2.0773333333333333
2024-06-08 00:00:00-05:00,23.390416666666667,11.3,0.0,2.7,46.0,1.0,19.360000000000003,4.31,2.28,2.46,76.53,27.120083333333334,2.0773333333333333
2024-06-09 00:00:00-05:00,31.33666666666667,11.1,0.0,3.7,32.0,1.0,21.159999999999997,4.31,2.28,2.46,76.53,14.758666666666667,2.0773333333333333
2024-06-10 00:00:00-05:00,44.623333333333335,10.9,0.0,3.6999999999999997,16.0,1.0,16.0,4.31,2.27,2.61,76.53,2.3972499999999997,2.0773333333333333
2024-06-11 00:00:00-05:00,39.72625,11.0,0.0,4.6,18.0,1.0,27.040000000000003,4.31,2.25,2.71,76.53,1.9978749999999998,2.0773333333333333
2024-06-12 00:00:00-05:00,40.77875,11.2,0.0,3.5999999999999996,20.0,1.0,20.25,4.31,2.17,2.8,76.53,1.5985,2.0773333333333333
2024-06-13 00:00:00-05:00,44.04833333333334,11.2,0.0,4.0,16.0,1.0,17.64,4.31,2.14,2.79,79.61,28.47066666666667,2.0773333333333333
2024-06-14 00:00:00-05:00,36.70458333333333,11.0,0.0,3.8,30.0,1.0,19.360000000000003,4.31,2.11,2.74,79.61,28.774666666666665,2.0773333333333333
2024-06-15 00:00:00-05:00,32.655833333333334,10.8,0.0,4.2,25.0,1.0,18.49,4.31,2.11,2.74,79.61,19.998444444444445,2.0773333333333333
2024-06-16 00:00:00-05:00,25.05125,10.4,0.0,4.3999999999999995,15.0,1.0,20.25,4.31,2.11,2.74,79.61,11.222222222222221,2.0773333333333333
2024-06-17 00:00:00-05:00,23.74625,10.8,0.0,4.800000000000001,12.0,1.0,16.0,4.31,2.16,2.5,79.61,2.446,2.0773333333333333
2024-06-18 00:00:00-05:00,25.875,11.7,0.0,4.3,4.0,1.0,22.090000000000003,4.31,2.17,2.5,79.61,23.012,2.0773333333333333
2024-06-19 00:00:00-05:00,24.08375,12.4,0.0,3.9999999999999996,1.0,1.0,33.64,4.31,2.17,2.5,79.61,22.830750000000002,2.0773333333333333
2024-06-20 00:00:00-05:00,30.113333333333333,12.5,0.0,3.1,1.0,1.0,9.610000000000001,4.31,2.21,2.5,83.34,22.6495,2.0773333333333333
2024-06-21 00:00:00-05:00,31.424583333333334,11.1,0.0,3.9000000000000004,26.0,1.0,20.25,4.31,2.19,2.5,81.71,34.7806,2.0773333333333333
2024-06-22 00:00:00-05:00,29.24083333333333,10.4,0.0,4.199999999999999,36.0,1.0,16.0,4.31,2.19,2.5,81.71,32.913177777777776,2.0773333333333333
2024-06-23 00:00:00-05:00,45.413333333333334,9.8,0.0,4.3999999999999995,19.0,1.0,21.159999999999997,4.31,2.19,2.5,81.71,31.045755555555555,2.0773333333333333
2024-06-24 00:00:00-05:00,40.440416666666664,10.4,0.0,4.199999999999999,30.0,1.0,13.690000000000001,4.31,2.18,2.58,82.63,29.17833333333333,2.0773333333333333
2024-06-25 00:00:00-05:00,29.566666666666666,11.1,0.0,3.9000000000000004,7.0,1.0,19.360000000000003,4.31,2.17,2.61,81.97,28.99533333333333,2.0773333333333333
2024-06-26 00:00:00-05:00,43.890416666666674,11.5,0.0,4.1,8.0,1.0,12.25,4.31,2.2,2.45,81.97,1.5805,2.0773333333333333
2024-06-27 00:00:00-05:00,34.96375,11.5,0.0,4.5,0.0,1.0,12.25,4.31,2.22,2.55,81.97,2.491,2.0773333333333333
2024-06-28 00:00:00-05:00,25.006666666666664,11.5,0.0,4.9,3.0,1.0,6.760000000000001,4.31,2.24,2.42,82.83,15.580999999999998,2.0773333333333333
2024-06-29 00:00:00-05:00,26.062916666666666,10.9,0.0,4.1,19.0,1.0,13.690000000000001,4.31,2.24,2.42,82.83,39.24399999999999,2.0773333333333333
2024-06-30 00:00:00-05:00,28.435833333333335,10.4,0.0,3.9999999999999996,40.0,1.0,21.159999999999997,4.31,2.24,2.42,82.83,62.90699999999999,2.0773333333333333
2024-07-01 00:00:00-05:00,27.06041666666667,11.0,0.0,3.8,33.0,1.0,20.25,4.25,2.29,2.21,82.83,86.57,2.0773333333333333
2024-07-02 00:00:00-05:00,26.902083333333334,11.7,0.0,3.5,12.0,1.0,13.690000000000001,4.25,2.26,2.06,84.09,58.315666666666665,2.0773333333333333
2024-07-03 00:00:00-05:00,24.355833333333333,10.8,0.0,5.0,2.0,1.0,21.159999999999997,4.25,2.23,2.02,85.19,35.858999999999995,2.0773333333333333
2024-07-04 00:00:00-05:00,25.670416666666668,10.8,0.0,5.0,9.0,1.0,16.0,4.25,2.23,2.02,85.19,88.34,2.0773333333333333
2024-07-05 00:00:00-05:00,26.115,11.9,0.0,4.5,1.0,1.0,22.090000000000003,4.25,2.22,2.02,84.44,23.024499999999996,2.0773333333333333
2024-07-06 00:00:00-05:00,26.350416666666664,11.4,0.0,4.8,1.0,1.0,27.040000000000003,4.25,2.22,2.02,84.44,16.18944444444444,2.0773333333333333
2024-07-07 00:00:00-05:00,19.179583333333333,10.9,0.0,4.3,5.0,1.0,24.010000000000005,4.25,2.22,2.02,84.44,9.354388888888886,2.0773333333333333
2024-07-08 00:00:00-05:00,18.735,10.5,0.0,5.1,0.0,1.0,18.49,4.25,2.22,2.1,84.44,2.5193333333333334,2.0773333333333333
2024-07-09 00:00:00-05:00,27.56125,10.2,0.0,6.0,13.0,1.0,20.25,4.25,2.21,2.42,84.44,2.4876666666666667,2.0773333333333333
2024-07-10 00:00:00-05:00,24.901666666666667,9.9,0.0,5.8999999999999995,11.0,1.0,18.49,4.25,2.22,2.4,84.44,2.456,2.0773333333333333
2024-07-11 00:00:00-05:00,25.513333333333335,10.2,0.0,5.8,6.0,1.0,22.090000000000003,4.25,2.18,2.23,84.44,2.4735,2.0773333333333333
2024-07-12 00:00:00-05:00,21.489583333333332,10.5,0.0,5.5,6.0,1.0,27.040000000000003,4.25,2.15,2.17,84.44,1.9130000000000003,2.0773333333333333
2024-07-13 00:00:00-05:00,18.60875,10.0,0.0,5.4,2.0,1.0,21.159999999999997,4.25,2.15,2.17,84.44,5.996000000000001,2.0773333333333333
2024-07-14 00:00:00-05:00,17.700416666666666,9.8,0.0,5.799999999999999,6.0,1.0,23.04,4.25,2.15,2.17,84.44,10.079000000000002,2.0773333333333333
2024-07-15 00:00:00-05:00,19.442083333333333,10.1,0.0,6.1000000000000005,2.0,1.0,20.25,4.25,2.2,2.17,84.44,14.162000000000003,2.0773333333333333
2024-07-16 00:00:00-05:00,25.1775,10.5,0.0,5.3,2.0,1.0,14.44,4.25,2.2,2.1,81.92,43.34224999999999,2.0773333333333333
2024-07-17 00:00:00-05:00,29.862083333333334,10.2,0.0,5.0,1.0,1.0,14.44,4.25,2.19,1.98,81.92,2.4364999999999997,2.0773333333333333
2024-07-18 00:00:00-05:00,23.984583333333333,10.1,0.0,5.300000000000001,5.0,1.0,26.009999999999998,4.25,2.19,2.0,84.17,84.17,2.0773333333333333
2024-07-19 00:00:00-05:00,22.876666666666665,9.9,0.0,5.1,3.0,1.0,26.009999999999998,4.25,2.18,1.88,81.43,21.71375,2.0773333333333333
2024-07-20 00:00:00-05:00,22.66333333333333,10.0,0.0,5.4,0.0,1.0,16.81,4.25,2.18,1.88,81.43,15.238166666666668,2.0773333333333333
2024-07-21 00:00:00-05:00,22.33875,10.5,0.0,5.7,6.0,1.0,25.0,4.25,2.18,1.88,81.43,8.762583333333334,2.0773333333333333
2024-07-22 00:00:00-05:00,22.271666666666665,10.8,0.0,5.0,1.0,1.0,22.090000000000003,4.25,2.18,2.19,81.43,2.287,2.0773333333333333
2024-07-23 00:00:00-05:00,22.560833333333335,10.3,0.0,5.300000000000001,1.0,1.0,12.25,4.25,2.17,2.13,81.43,2.3535,2.0773333333333333
2024-07-24 00:00:00-05:00,22.9425,9.8,0.0,6.199999999999999,0.0,1.0,12.96,4.25,2.13,2.0,81.43,2.361,2.0773333333333333
2024-07-25 00:00:00-05:00,23.658749999999998,9.7,0.0,6.300000000000001,6.0,1.0,24.010000000000005,4.25,2.13,2.0,79.43,40.938,2.0773333333333333
2024-07-26 00:00:00-05:00,23.00375,9.2,0.0,5.4,14.0,1.0,29.160000000000004,4.25,2.13,1.98,79.43,0.778,2.0773333333333333
2024-07-27 00:00:00-05:00,20.298333333333332,9.2,0.0,4.6000000000000005,12.0,1.0,20.25,4.25,2.13,1.98,79.43,9.614222222222221,2.0773333333333333
2024-07-28 00:00:00-05:00,17.1525,9.2,0.0,6.000000000000001,4.0,1.0,10.889999999999999,4.25,2.13,1.98,79.43,18.45044444444444,2.0773333333333333
2024-07-29 00:00:00-05:00,22.0675,8.2,0.0,4.000000000000001,48.0,0.0,15.209999999999999,4.25,2.13,1.9,77.27,27.28666666666666,2.0773333333333333
2024-07-30 00:00:00-05:00,21.219583333333333,8.7,0.0,4.1000000000000005,55.0,1.0,16.0,4.25,2.12,1.81,77.27,2.29125,2.0773333333333333
2024-07-31 00:00:00-05:00,20.392083333333332,9.2,0.0,5.4,44.0,1.0,11.559999999999999,4.25,2.13,1.94,79.36,41.382999999999996,2.0773333333333333
2024-08-01 00:00:00-05:00,22.507916666666663,10.4,0.0,4.3999999999999995,37.0,1.0,20.25,3.87,2.06,1.95,77.74,17.0768,2.0773333333333333
2024-08-02 00:00:00-05:00,70.92708333333333,10.6,0.0,4.0,31.0,1.0,25.0,3.87,1.89,1.89,77.74,2.209,2.0773333333333333
2024-08-03 00:00:00-05:00,37.01125,10.3,0.0,4.300000000000001,36.0,1.0,16.0,3.87,1.89,1.89,77.74,2.2104444444444447,2.0773333333333333
2024-08-04 00:00:00-05:00,26.557083333333335,9.6,0.0,5.6000000000000005,34.0,1.0,12.25,3.87,1.89,1.89,77.74,2.211888888888889,2.0773333333333333
2024-08-05 00:00:00-05:00,29.935,10.2,0.0,5.6,32.0,1.0,16.81,3.87,1.91,1.83,77.74,2.2133333333333334,2.0773333333333333
2024-08-06 00:00:00-05:00,91.98041666666667,10.3,0.0,4.5,40.0,1.0,24.010000000000005,3.87,1.96,1.83,77.74,2.2769999999999997,2.0773333333333333
2024-08-07 00:00:00-05:00,56.895833333333336,10.3,0.0,4.300000000000001,20.0,1.0,36.0,3.87,1.97,1.83,76.68,39.910000000000004,2.0773333333333333
2024-08-08 00:00:00-05:00,29.810833333333335,10.6,0.0,4.2,38.0,1.0,23.04,3.87,1.98,1.85,77.64,33.0782,2.0773333333333333
2024-08-09 00:00:00-05:00,30.890833333333333,10.1,0.0,4.5,10.0,1.0,16.81,3.87,1.96,1.94,77.64,2.223,2.0773333333333333
2024-08-10 00:00:00-05:00,26.883750000000003,9.7,0.0,4.9,36.0,1.0,12.25,3.87,1.96,1.94,77.64,2.2595833333333335,2.0773333333333333
2024-08-11 00:00:00-05:00,22.06375,9.8,0.0,5.199999999999999,45.0,1.0,16.81,3.87,1.96,1.94,77.64,2.2961666666666667,2.0773333333333333
2024-08-12 00:00:00-05:00,25.63791666666667,9.7,0.0,4.500000000000001,48.0,1.0,15.209999999999999,3.87,1.98,2.1,77.64,2.3327500000000003,2.0773333333333333
2024-08-13 00:00:00-05:00,23.707916666666666,9.3,0.0,4.299999999999999,7.0,1.0,16.81,3.87,1.96,2.1,77.64,29.02,2.0773333333333333
2024-08-14 00:00:00-05:00,27.53375,9.7,0.0,2.700000000000001,5.0,1.0,11.559999999999999,3.87,1.93,2.18,77.64,1.9934,2.0773333333333333
2024-08-15 00:00:00-05:00,37.48375,10.6,0.0,4.0,9.0,1.0,9.0,3.87,1.99,2.19,79.66,41.4585,2.0773333333333333
2024-08-16 00:00:00-05:00,42.658750000000005,10.4,0.0,2.8,51.0,1.0,19.360000000000003,3.87,1.97,2.01,79.66,41.8815,2.0773333333333333
2024-08-17 00:00:00-05:00,31.59875,10.3,0.0,3.1000000000000005,69.0,1.0,17.64,3.87,1.97,2.01,79.66,33.55186666666667,2.0773333333333333
2024-08-18 00:00:00-05:00,39.27,10.5,0.0,3.9,50.0,1.0,16.0,3.87,1.97,2.01,79.66,25.22223333333333,2.0773333333333333
2024-08-19 00:00:00-05:00,65.43291666666666,10.6,0.0,3.0,24.0,1.0,18.49,3.87,1.94,2.12,75.82,16.892599999999998,2.0773333333333333
2024-08-20 00:00:00-05:00,75.15041666666667,11.3,0.0,3.3000000000000003,20.0,1.0,12.25,3.87,1.95,2.18,75.82,78.85,2.0773333333333333
2024-08-21 00:00:00-05:00,34.63,10.8,0.0,3.4000000000000004,50.0,1.0,13.690000000000001,3.87,1.94,2.14,75.82,2.199,2.0773333333333333
2024-08-22 00:00:00-05:00,27.625416666666666,10.3,0.0,3.7,48.0,1.0,21.159999999999997,3.87,1.96,2.14,75.82,2.263666666666667,2.0773333333333333
2024-08-23 00:00:00-05:00,24.31833333333333,9.8,0.0,3.5999999999999996,60.0,1.0,22.090000000000003,3.87,2.01,1.82,75.82,20.6735,2.0773333333333333
2024-08-24 00:00:00-05:00,22.138333333333335,9.5,0.0,1.9000000000000004,75.0,0.0,27.040000000000003,3.87,2.01,1.82,75.82,20.75091666666667,2.0773333333333333
2024-08-25 00:00:00-05:00,22.717083333333335,9.5,0.0,3.7,48.0,1.0,19.360000000000003,3.87,2.01,1.82,75.82,20.828333333333333,2.0773333333333333
2024-08-26 00:00:00-05:00,26.074583333333333,9.8,0.0,3.1999999999999993,53.0,1.0,22.090000000000003,3.87,2.02,2.13,78.4,20.90575,2.0773333333333333
2024-08-27 00:00:00-05:00,26.329166666666666,9.2,0.0,3.8000000000000007,49.0,0.0,23.04,3.87,2.02,1.91,78.4,28.66066666666667,2.0773333333333333
2024-08-28 00:00:00-05:00,27.519166666666667,9.3,0.0,5.1,38.0,1.0,16.81,3.87,1.99,1.89,78.4,28.105,2.0773333333333333
2024-08-29 00:00:00-05:00,23.734583333333333,8.8,0.0,4.799999999999999,44.0,1.0,19.360000000000003,3.87,2.01,1.85,78.4,1.4660000000000002,2.0773333333333333
2024-08-30 00:00:00-05:00,24.165833333333335,9.0,0.0,5.0,14.0,1.0,16.81,3.87,2.01,1.93,74.52,31.9998,2.0773333333333333
2024-08-31 00:00:00-05:00,25.290000000000003,11.1,0.0,4.300000000000001,12.0,1.0,16.81,3.87,2.01,1.93,74.52,24.61085,2.0773333333333333
2024-09-01 00:00:00-05:00,22.290000000000003,10.5,0.0,3.0999999999999996,22.0,1.0,18.49,3.72,2.01,1.93,74.52,17.221899999999998,2.0773333333333333
2024-09-02 00:00:00-05:00,20.867916666666666,10.8,0.0,3.0,20.0,1.0,28.09,3.72,2.01,1.93,74.52,9.83295,2.0773333333333333
2024-09-03 00:00:00-05:00,19.934583333333332,10.9,0.0,3.0999999999999996,25.0,0.0,19.360000000000003,3.72,1.95,1.93,74.52,2.444,2.0773333333333333
2024-09-04 00:00:00-05:00,22.963333333333335,11.4,0.0,3.9999999999999996,7.0,1.0,16.0,3.72,1.9,2.05,74.52,2.232,2.0773333333333333
2024-09-05 00:00:00-05:00,24.444166666666664,11.4,0.0,3.5999999999999996,16.0,1.0,21.159999999999997,3.72,1.87,2.05,74.52,2.129,2.0773333333333333
2024-09-06 00:00:00-05:00,18.17833333333333,11.3,0.0,3.5,9.0,1.0,14.44,3.72,1.86,2.09,74.52,11.967571428571427,2.0773333333333333
2024-09-07 00:00:00-05:00,15.2675,10.6,0.0,3.0,53.0,0.0,20.25,3.72,1.86,2.09,74.52,32.10171428571429,2.0773333333333333
2024-09-08 00:00:00-05:00,13.452916666666667,10.1,0.0,2.5,67.0,0.0,22.090000000000003,3.72,1.86,2.09,74.52,52.23585714285714,2.0773333333333333
2024-09-09 00:00:00-05:00,16.955000000000002,10.2,0.0,3.2,29.0,1.0,16.81,3.72,1.88,2.09,74.52,72.37,2.0773333333333333
2024-09-10 00:00:00-05:00,21.59375,11.0,0.0,3.8,21.0,1.0,16.0,3.72,1.86,2.13,66.73,14.6804,2.0773333333333333
2024-09-11 00:00:00-05:00,25.33458333333333,11.2,0.0,1.3999999999999995,46.0,1.0,17.64,3.72,1.9,2.13,66.73,2.0835,2.0773333333333333
2024-09-12 00:00:00-05:00,22.297916666666666,10.8,0.0,2.0,37.0,1.0,24.010000000000005,3.72,1.93,2.13,66.73,12.095857142857144,2.0773333333333333
2024-09-13 00:00:00-05:00,18.682916666666667,11.0,0.0,2.5999999999999996,17.0,1.0,26.009999999999998,3.72,1.95,2.25,66.73,2.0743333333333336,2.0773333333333333
2024-09-14 00:00:00-05:00,24.553749999999997,11.2,0.0,2.0,37.0,0.0,23.04,3.72,1.95,2.25,66.73,2.0732222222222223,2.0773333333333333
2024-09-15 00:00:00-05:00,22.914583333333336,10.9,0.0,2.0999999999999996,51.0,1.0,27.040000000000003,3.72,1.95,2.25,66.73,2.0721111111111115,2.0773333333333333
2024-09-16 00:00:00-05:00,25.455833333333334,10.9,0.0,2.3,30.0,1.0,23.04,3.72,1.94,2.23,66.73,2.071,2.0773333333333333
2024-09-17 00:00:00-05:00,24.99625,10.9,0.0,2.6999999999999993,33.0,1.0,23.04,3.72,1.97,2.23,72.16,49.605,2.0773333333333333
2024-09-18 00:00:00-05:00,23.236666666666665,10.4,0.0,2.8,54.0,1.0,19.360000000000003,3.72,1.98,2.31,71.87,15.9198,2.0773333333333333
2024-09-19 00:00:00-05:00,31.73166666666667,9.8,0.0,3.3999999999999995,38.0,1.0,12.25,3.72,2.04,2.31,71.87,1.3815,2.0773333333333333
2024-09-20 00:00:00-05:00,25.347083333333334,9.6,0.0,3.4000000000000004,31.0,1.0,15.209999999999999,3.72,2.02,2.2,71.87,2.1355,2.0773333333333333
2024-09-21 00:00:00-05:00,21.881249999999998,9.9,0.0,1.5,46.0,1.0,22.090000000000003,3.72,2.02,2.2,71.87,7.902083333333334,2.0773333333333333
2024-09-22 00:00:00-05:00,20.153333333333332,9.6,0.0,1.2000000000000002,66.0,1.0,15.209999999999999,3.72,2.02,2.2,71.87,13.668666666666667,2.0773333333333333
2024-09-23 00:00:00-05:00,31.32375,10.9,0.0,2.3,20.0,1.0,12.96,3.72,2.04,2.2,71.33,19.43525,2.0773333333333333
2024-09-24 00:00:00-05:00,30.23625,11.4,0.0,2.9999999999999996,8.0,1.0,10.240000000000002,3.72,2.06,2.2,71.33,1.9806666666666668,2.0773333333333333
2024-09-25 00:00:00-05:00,30.50791666666667,11.5,0.0,2.7,20.0,1.0,12.25,3.72,2.06,2.62,71.33,1.3685,2.0773333333333333
2024-09-26 00:00:00-05:00,24.7475,12.8,0.0,1.8000000000000003,5.0,1.0,16.0,3.72,2.03,2.64,71.33,0.9782500000000001,2.0773333333333333
2024-09-27 00:00:00-05:00,24.62291666666667,12.8,0.0,2.6,1.0,1.0,25.0,3.72,2.03,2.64,71.33,0.588,2.0773333333333333
2024-09-28 00:00:00-05:00,22.598333333333333,12.6,0.0,2.8000000000000003,6.0,1.0,15.209999999999999,3.72,2.03,2.64,71.33,5.459,2.0773333333333333
2024-09-29 00:00:00-05:00,21.84875,11.7,0.0,2.6999999999999997,32.0,0.0,22.090000000000003,3.72,2.03,2.64,71.33,10.329999999999998,2.0773333333333333
2024-09-30 00:00:00-05:00,28.919583333333335,11.0,0.0,2.5999999999999996,15.0,0.0,20.25,3.72,2.07,2.65,68.75,15.200999999999999,2.0773333333333333
2024-10-01 00:00:00-05:00,28.509583333333335,11.5,0.0,3.1,18.0,1.0,25.0,4.1,2.07,2.67,70.41,25.705833333333334,2.0773333333333333
2024-10-02 00:00:00-05:00,29.77333333333333,13.0,0.0,1.7999999999999998,14.0,1.0,14.44,4.1,2.1,2.77,70.74,24.959666666666667,2.0773333333333333
2024-10-03 00:00:00-05:00,28.215416666666666,13.7,0.0,2.3,0.0,1.0,12.25,4.1,2.11,2.75,70.74,39.918499999999995,2.0773333333333333
2024-10-04 00:00:00-05:00,33.086666666666666,13.7,0.0,1.9,0.0,1.0,5.289999999999999,4.1,2.14,2.49,74.93,12.419428571428572,2.0773333333333333
2024-10-05 00:00:00-05:00,28.99083333333333,14.2,0.0,2.4,1.0,1.0,6.760000000000001,4.1,2.14,2.49,74.93,8.915369047619048,2.0773333333333333
2024-10-06 00:00:00-05:00,30.998333333333335,14.5,0.0,2.3,4.0,1.0,9.0,4.1,2.14,2.49,74.93,5.411309523809524,2.0773333333333333
2024-10-07 00:00:00-05:00,58.59875,13.9,0.0,1.2999999999999998,34.0,1.0,10.889999999999999,4.1,2.17,2.51,74.93,1.90725,2.0773333333333333
2024-10-08 00:00:00-05:00,32.19291666666667,14.1,0.0,1.9,28.0,1.0,12.25,4.1,2.17,2.51,74.93,20.785999999999998,2.0773333333333333
2024-10-09 00:00:00-05:00,22.563333333333333,14.5,0.0,0.5,14.0,1.0,16.0,4.1,2.21,2.43,73.85,50.88933333333333,2.0773333333333333
2024-10-10 00:00:00-05:00,23.480833333333333,15.4,0.0,1.0,7.0,1.0,18.49,4.1,2.26,2.43,76.46,12.666142857142855,2.0773333333333333
2024-10-11 00:00:00-05:00,21.34583333333333,16.1,0.0,-0.5,8.0,1.0,18.49,4.1,2.25,2.43,76.11,26.812,2.0773333333333333
2024-10-12 00:00:00-05:00,21.118750000000002,16.1,0.0,-1.9,28.0,1.0,19.360000000000003,4.1,2.25,2.43,76.11,23.564133333333334,2.0773333333333333
2024-10-13 00:00:00-05:00,26.8225,16.8,0.0,-2.2,38.0,1.0,16.81,4.1,2.25,2.43,76.11,20.316266666666667,2.0773333333333333
2024-10-14 00:00:00-05:00,29.836250000000003,16.7,0.0,-1.3,17.0,1.0,9.0,4.1,2.25,2.43,76.11,17.0684,2.0773333333333333
2024-10-15 00:00:00-05:00,23.425416666666667,17.7,0.0,-1.9000000000000001,18.0,1.0,14.44,4.1,2.22,2.37,71.22,22.18542857142857,2.0773333333333333
2024-10-16 00:00:00-05:00,17.91541666666667,17.6,0.0,-2.8000000000000003,23.0,1.0,17.64,4.1,2.19,2.21,71.22,2.125,2.0773333333333333
2024-10-17 00:00:00-05:00,16.464583333333334,17.8,0.0,-1.8,7.0,1.0,8.41,4.1,2.22,2.19,71.26,19.31325,2.0773333333333333
2024-10-18 00:00:00-05:00,18.42125,18.4,0.0,-1.7999999999999998,2.0,1.0,16.81,4.1,2.23,1.82,71.26,18.497687499999998,2.0773333333333333
2024-10-19 00:00:00-05:00,16.859583333333333,19.0,0.0,-3.2,0.0,1.0,14.44,4.1,2.23,1.82,71.26,17.682125,2.0773333333333333
2024-10-20 00:00:00-05:00,18.777916666666666,18.3,0.0,-6.1,25.0,1.0,22.090000000000003,4.1,2.23,1.82,71.26,16.8665625,2.0773333333333333
2024-10-21 00:00:00-05:00,20.350833333333334,18.2,0.0,-8.0,93.0,1.0,51.84,4.1,2.23,1.76,71.26,16.051,2.0773333333333333
2024-10-22 00:00:00-05:00,26.849166666666665,16.8,0.0,-7.6000000000000005,96.0,0.0,32.49,4.1,2.25,1.76,71.26,38.8295,2.0773333333333333
2024-10-23 00:00:00-05:00,31.33791666666667,16.1,0.0,-4.5,35.0,1.0,22.090000000000003,4.1,2.23,1.9,71.26,25.866000000000003,2.0773333333333333
2024-10-24 00:00:00-05:00,18.52375,16.1,0.0,-2.6999999999999997,20.0,1.0,14.44,4.1,2.33,2.04,70.58,22.22928571428571,2.0773333333333333
2024-10-25 00:00:00-05:00,37.200833333333335,17.1,0.0,-1.1,10.0,1.0,18.49,4.1,2.32,1.93,72.02,30.7806,2.0773333333333333
2024-10-26 00:00:00-05:00,32.14083333333333,16.8,0.0,-3.5999999999999996,45.0,1.0,46.239999999999995,4.1,2.32,1.93,72.02,21.19415,2.0773333333333333
2024-10-27 00:00:00-05:00,24.945833333333336,15.9,0.0,-4.5,84.0,0.0,25.0,4.1,2.32,1.93,72.02,11.607699999999998,2.0773333333333333
2024-10-28 00:00:00-05:00,23.591250000000002,14.9,0.0,-3.6999999999999997,60.0,0.0,14.44,4.1,2.31,2.03,72.02,2.0212499999999998,2.0773333333333333
2024-10-29 00:00:00-05:00,24.192916666666665,16.3,0.0,-1.5000000000000002,13.0,1.0,11.559999999999999,4.1,2.33,1.82,72.02,2.01025,2.0773333333333333
2024-10-30 00:00:00-05:00,26.354583333333334,16.6,0.0,-1.0,12.0,1.0,12.25,4.1,2.37,2.03,72.02,1.83,2.0773333333333333
2024-10-31 00:00:00-05:00,38.44916666666666,16.2,0.0,-1.4000000000000001,49.0,1.0,16.0,4.1,2.38,1.82,72.02,1.479,2.0773333333333333
2024-11-01 00:00:00-05:00,26.66208333333333,16.0,0.0,-1.6,37.0,0.0,27.040000000000003,4.36,2.37,1.42,69.81,36.9285,2.0773333333333333
2024-11-02 00:00:00-05:00,18.216666666666665,15.9,0.0,-3.1,52.0,1.0,25.0,4.36,2.37,1.42,69.81,25.215666666666664,2.0773333333333333
2024-11-03 00:00:00-05:00,17.4876,17.2,0.0,-3.6000000000000005,15.0,1.0,18.49,4.36,2.37,1.42,69.81,13.502833333333331,2.0773333333333333
2024-11-04 00:00:00-06:00,24.838333333333335,18.5,0.0,-2.9,3.0,1.0,12.25,4.36,2.32,1.42,69.81,1.7900000000000003,2.0773333333333333
2024-11-05 00:00:00-06:00,24.344166666666666,19.2,0.0,-6.0,17.0,1.0,16.0,4.36,2.32,1.62,69.81,2.114333333333333,2.0773333333333333
2024-11-06 00:00:00-06:00,19.22791666666667,18.5,0.0,-7.3,14.0,1.0,30.25,4.36,2.46,1.8,71.98,50.226333333333336,2.0773333333333333
2024-11-07 00:00:00-06:00,22.0975,17.8,0.0,-11.0,81.0,0.0,27.040000000000003,4.36,2.4,1.49,72.69,30.993600000000004,2.0773333333333333
2024-11-08 00:00:00-06:00,29.695833333333336,18.2,0.0,-7.4,92.0,0.0,14.44,4.36,2.43,1.49,72.69,2.1795,2.0773333333333333
2024-11-09 00:00:00-06:00,20.28625,17.6,0.0,-6.199999999999999,68.0,0.0,20.25,4.36,2.43,1.49,72.69,6.7371333333333325,2.0773333333333333
2024-11-10 00:00:00-06:00,36.537083333333335,18.2,0.0,-6.0,36.0,0.0,14.44,4.36,2.43,1.49,72.69,11.294766666666664,2.0773333333333333
2024-11-11 00:00:00-06:00,34.72875,19.2,0.0,-6.0,15.0,1.0,26.009999999999998,4.36,2.43,1.49,70.69,15.8524,2.0773333333333333
2024-11-12 00:00:00-06:00,14.329166666666666,19.8,0.0,-5.4,23.0,1.0,16.0,4.36,2.43,1.49,68.43,47.735666666666674,2.0773333333333333
2024-11-13 00:00:00-06:00,24.706666666666667,19.5,0.0,-7.1,42.0,1.0,16.81,4.36,2.42,1.49,68.43,2.0733333333333333,2.0773333333333333
2024-11-14 00:00:00-06:00,18.90791666666667,18.0,0.0,-8.2,89.0,0.0,11.559999999999999,4.36,2.4,2.11,68.43,1.491,2.0773333333333333
2024-11-15 00:00:00-06:00,14.218333333333334,17.8,0.0,-7.3999999999999995,70.0,0.0,11.559999999999999,4.36,2.39,1.65,67.33,24.6095,2.0773333333333333
2024-11-16 00:00:00-06:00,17.038333333333334,19.6,0.0,-6.0,16.0,1.0,43.559999999999995,4.36,2.39,1.65,67.33,17.111083333333333,2.0773333333333333
2024-11-17 00:00:00-06:00,33.135,21.8,0.0,-6.199999999999999,4.0,1.0,14.44,4.36,2.39,1.65,67.33,9.612666666666668,2.0773333333333333
2024-11-18 00:00:00-06:00,19.499583333333334,22.0,0.0,-9.2,30.0,1.0,10.240000000000002,4.36,2.41,2.08,67.33,2.11425,2.0773333333333333
2024-11-19 00:00:00-06:00,21.747083333333332,22.4,0.0,-11.600000000000001,30.0,0.0,16.81,4.36,2.41,2.1,67.33,0.793,2.0773333333333333
2024-11-20 00:00:00-06:00,19.502083333333335,23.0,0.0,-12.6,26.0,0.0,9.0,4.36,2.43,2.32,67.33,19.8005,2.0773333333333333
2024-11-21 00:00:00-06:00,25.75708333333333,22.9,0.0,-11.5,14.0,0.0,10.889999999999999,4.36,2.42,2.84,70.39,36.167,2.0773333333333333
2024-11-22 00:00:00-06:00,26.15875,23.4,0.0,-11.8,4.0,1.0,9.0,4.36,2.43,2.84,70.39,2.1686666666666667,2.0773333333333333
2024-11-23 00:00:00-06:00,12.710833333333333,23.8,0.0,-8.4,1.0,1.0,16.0,4.36,2.43,2.84,70.39,2.0122222222222224,2.0773333333333333
2024-11-24 00:00:00-06:00,13.411666666666667,24.2,0.0,-9.8,5.0,1.0,26.009999999999998,4.36,2.43,2.84,70.39,1.8557777777777777,2.0773333333333333
2024-11-25 00:00:00-06:00,26.366666666666664,24.0,0.0,-11.2,17.0,1.0,36.0,4.36,2.35,2.78,70.39,1.6993333333333334,2.0773333333333333
2024-11-26 00:00:00-06:00,22.10875,24.1,0.0,-9.5,1.0,1.0,29.160000000000004,4.36,2.33,3.19,70.39,20.2765,2.0773333333333333
2024-11-27 00:00:00-06:00,17.29375,25.3,0.0,-11.5,2.0,1.0,28.09,4.36,2.32,3.39,69.03,29.5928,2.0773333333333333
2024-11-28 00:00:00-06:00,26.39375,26.4,0.0,-13.600000000000001,22.0,1.0,27.040000000000003,4.36,2.32,3.39,69.03,24.124275,2.0773333333333333
2024-11-29 00:00:00-06:00,30.854583333333334,27.3,0.0,-18.1,85.0,0.0,24.010000000000005,4.36,2.33,3.39,68.26,18.65575,2.0773333333333333
2024-11-30 00:00:00-06:00,28.37875,26.1,0.0,-15.7,67.0,0.0,16.0,4.36,2.33,3.39,68.26,20.5135,2.0773333333333333
2024-12-01 00:00:00-06:00,30.295833333333334,24.3,0.0,-13.5,44.0,0.0,10.240000000000002,4.39,2.33,3.39,68.26,22.371249999999996,2.0773333333333333
2024-12-02 00:00:00-06:00,34.45791666666667,25.7,0.0,-13.5,26.0,0.0,30.25,4.39,2.33,3.05,68.35,24.228999999999996,2.0773333333333333
2024-12-03 00:00:00-06:00,30.627916666666664,23.9,0.0,-12.100000000000001,33.0,1.0,22.090000000000003,4.39,2.36,2.94,68.35,20.28975,2.0773333333333333
2024-12-04 00:00:00-06:00,36.63708333333333,24.7,0.0,-12.100000000000001,16.0,1.0,28.09,4.39,2.37,2.75,68.35,16.6152,2.0773333333333333
2024-12-05 00:00:00-06:00,28.186666666666667,24.9,0.0,-10.9,4.0,1.0,20.25,4.39,2.35,2.95,68.35,37.928,2.0773333333333333
2024-12-06 00:00:00-06:00,43.93666666666667,24.7,0.0,-10.3,0.0,1.0,62.410000000000004,4.39,2.31,2.83,68.35,25.933666666666667,2.0773333333333333
2024-12-07 00:00:00-06:00,36.86,24.1,0.0,-9.5,1.0,1.0,51.84,4.39,2.31,2.83,68.35,23.682402777777778,2.0773333333333333
2024-12-08 00:00:00-06:00,20.845000000000002,25.9,0.0,-13.3,1.0,1.0,81.0,4.39,2.31,2.83,68.35,21.43113888888889,2.0773333333333333
2024-12-09 00:00:00-06:00,23.207916666666666,25.0,0.0,-10.8,2.0,1.0,62.410000000000004,4.39,2.33,3.05,68.65,19.179875,2.0773333333333333
2024-12-10 00:00:00-06:00,27.8425,28.6,0.0,-15.6,6.0,1.0,96.04000000000002,4.39,2.34,2.9,68.65,2.101,2.0773333333333333
2024-12-11 00:00:00-06:00,27.17,28.2,0.0,-16.6,38.0,0.0,70.56,4.39,2.38,2.9,68.65,2.0875000000000004,2.0773333333333333
2024-12-12 00:00:00-06:00,21.603333333333335,26.3,0.0,-14.100000000000001,26.0,1.0,68.89000000000001,4.39,2.39,3.12,70.25,24.871333333333336,2.0773333333333333
2024-12-13 00:00:00-06:00,20.45,27.2,0.0,-14.399999999999999,8.0,1.0,106.09000000000002,4.39,2.4,3.15,70.25,2.107,2.0773333333333333
2024-12-14 00:00:00-06:00,27.58375,29.0,0.0,-17.6,68.0,0.0,46.239999999999995,4.39,2.4,3.15,70.25,9.773111111111112,2.0773333333333333
2024-12-15 00:00:00-06:00,20.598333333333333,27.1,0.0,-21.299999999999997,100.0,0.0,14.44,4.39,2.4,3.15,70.25,17.439222222222224,2.0773333333333333
2024-12-16 00:00:00-06:00,27.7025,25.1,0.0,-18.299999999999997,98.0,0.0,4.41,4.39,2.38,2.87,71.03,25.105333333333334,2.0773333333333333
2024-12-17 00:00:00-06:00,25.841250000000002,26.4,0.0,-17.0,99.0,0.0,20.25,4.39,2.36,2.85,70.31,36.233000000000004,2.0773333333333333
2024-12-18 00:00:00-06:00,22.524583333333336,27.4,0.0,-16.6,92.0,0.0,33.64,4.39,2.38,2.85,70.31,26.232666666666663,2.0773333333333333
2024-12-19 00:00:00-06:00,24.331666666666667,25.1,0.0,-14.3,55.0,0.0,28.09,4.39,2.35,3.15,70.31,1.986,2.0773333333333333
2024-12-20 00:00:00-06:00,22.51875,25.2,0.0,-13.2,14.0,1.0,64.0,4.39,2.34,3.1,70.31,25.837333333333333,2.0773333333333333
2024-12-21 00:00:00-06:00,23.412916666666664,26.1,0.0,-11.1,0.0,1.0,30.25,4.39,2.34,3.1,70.31,29.17072222222222,2.0773333333333333
2024-12-22 00:00:00-06:00,17.957916666666666,30.0,0.0,-17.4,69.0,0.0,27.040000000000003,4.39,2.34,3.1,70.31,32.50411111111111,2.0773333333333333
2024-12-23 00:00:00-06:00,19.688750000000002,27.8,0.0,-16.8,32.0,1.0,53.29,4.39,2.38,2.89,69.5,35.8375,2.0773333333333333
2024-12-24 00:00:00-06:00,22.82375,28.1,0.0,-16.5,29.0,0.0,94.08999999999999,4.39,2.39,2.95,69.5,1.4549999999999998,2.0773333333333333
2024-12-25 00:00:00-06:00,20.65458333333333,27.9,0.0,-15.9,11.0,1.0,86.49000000000001,4.39,2.39,2.95,69.5,73.5,2.0773333333333333
2024-12-26 00:00:00-06:00,23.877916666666668,28.8,0.0,-17.4,73.0,0.0,70.56,4.39,2.39,2.96,69.5,2.224,2.0773333333333333
2024-12-27 00:00:00-06:00,19.562916666666666,25.9,0.0,-18.9,100.0,0.0,16.81,4.39,2.38,2.96,71.28,24.736333333333334,2.0773333333333333
2024-12-28 00:00:00-06:00,17.74416666666667,26.4,0.0,-16.0,82.0,0.0,36.0,4.39,2.38,2.96,71.28,17.230444444444444,2.0773333333333333
2024-12-29 00:00:00-06:00,21.016666666666666,25.0,0.0,-11.8,1.0,1.0,44.89,4.39,2.38,2.96,71.28,9.724555555555556,2.0773333333333333
2024-12-30 00:00:00-06:00,13.60125,28.4,0.0,-15.0,23.0,1.0,28.09,4.39,2.35,3.39,71.28,2.2186666666666666,2.0773333333333333
2024-12-31 00:00:00-06:00,20.123333333333335,28.2,0.0,-18.6,84.0,0.0,23.04,4.39,2.38,3.4,71.28,1.811,2.0773333333333333
2025-01-01 00:00:00-06:00,21.901666666666667,27.0,0.0,-16.6,66.0,0.0,21.159999999999997,4.63,2.38,3.4,71.28,20.51175,2.0773333333333333
2025-01-02 00:00:00-06:00,22.9825,25.5,0.0,-20.1,98.0,0.0,12.96,4.63,2.41,3.4,71.28,39.2125,2.0773333333333333
2025-01-03 00:00:00-06:00,22.846666666666664,24.9,0.0,-17.5,100.0,0.0,10.889999999999999,4.63,2.4,3.4,71.28,2.336,2.0773333333333333
2025-01-04 00:00:00-06:00,6.854166666666667,23.8,0.0,-18.6,99.0,0.0,11.559999999999999,4.63,2.4,3.4,71.28,2.0843333333333334,2.0773333333333333
2025-01-05 00:00:00-06:00,8.1725,24.6,0.0,-14.2,50.0,0.0,14.44,4.63,2.4,3.4,71.28,1.8326666666666664,2.0773333333333333
2025-01-06 00:00:00-06:00,34.94,23.6,0.0,-10.2,2.0,1.0,26.009999999999998,4.63,2.4,4.05,71.28,1.581,2.0773333333333333
2025-01-07 00:00:00-06:00,36.18208333333333,26.4,0.0,-11.8,3.0,1.0,19.360000000000003,4.63,2.44,3.8,74.99,20.48225,2.0773333333333333
2025-01-08 00:00:00-06:00,36.2875,29.9,0.0,-17.9,34.0,1.0,19.360000000000003,4.63,2.47,3.8,73.99,31.384200000000003,2.0773333333333333
2025-01-09 00:00:00-06:00,40.816250000000004,27.0,0.0,-13.2,0.0,1.0,26.009999999999998,4.63,2.46,3.94,73.99,0.86,2.0773333333333333
2025-01-10 00:00:00-06:00,30.34166666666667,28.9,0.0,-16.3,40.0,1.0,70.56,4.63,2.51,4.13,77.27,21.185749999999995,2.0773333333333333
2025-01-11 00:00:00-06:00,21.375416666666666,26.8,0.0,-15.4,18.0,1.0,42.25,4.63,2.51,4.13,77.27,22.82197916666666,2.0773333333333333
2025-01-12 00:00:00-06:00,26.637083333333333,26.3,0.0,-11.9,0.0,1.0,34.81,4.63,2.51,4.13,77.27,24.45820833333333,2.0773333333333333
2025-01-13 00:00:00-06:00,30.987916666666667,27.5,0.0,-13.5,24.0,1.0,12.25,4.63,2.55,4.13,77.27,26.094437499999998,2.0773333333333333
2025-01-14 00:00:00-06:00,30.786666666666665,28.6,0.0,-20.2,94.0,0.0,25.0,4.63,2.55,4.32,78.2,27.730666666666664,2.0773333333333333
2025-01-15 00:00:00-06:00,31.067083333333333,27.1,0.0,-18.1,78.0,0.0,13.690000000000001,4.63,2.52,4.45,78.2,28.988000000000003,2.0773333333333333
2025-01-16 00:00:00-06:00,33.47833333333333,27.7,0.0,-15.899999999999999,51.0,0.0,37.209999999999994,4.63,2.51,4.45,78.2,2.242,2.0773333333333333
2025-01-17 00:00:00-06:00,20.75375,26.8,0.0,-15.4,27.0,0.0,53.29,4.63,2.52,9.86,78.2,28.852333333333334,2.0773333333333333
2025-01-18 00:00:00-06:00,14.325000000000001,25.7,0.0,-14.5,68.0,0.0,24.010000000000005,4.63,2.52,9.86,78.2,22.23125,2.0773333333333333
2025-01-19 00:00:00-06:00,40.645,23.9,0.0,-15.9,92.0,0.0,5.289999999999999,4.63,2.52,9.86,78.2,15.610166666666666,2.0773333333333333
2025-01-20 00:00:00-06:00,50.47083333333333,22.3,0.0,-11.899999999999999,55.0,0.0,7.290000000000001,4.63,2.52,9.86,78.2,8.989083333333333,2.0773333333333333
2025-01-21 00:00:00-06:00,74.01875,22.6,0.0,-10.8,50.0,0.0,13.690000000000001,4.63,2.47,4.4,78.2,2.368,2.0773333333333333
2025-01-22 00:00:00-06:00,41.975,22.7,0.0,-9.3,20.0,1.0,19.360000000000003,4.63,2.48,3.91,78.2,2.310333333333334,2.0773333333333333
2025-01-23 00:00:00-06:00,28.939999999999998,23.0,0.0,-7.8,0.0,1.0,39.69,4.63,2.52,3.91,75.03,32.1198,2.0773333333333333
2025-01-24 00:00:00-06:00,24.054166666666664,26.1,0.0,-11.5,6.0,1.0,39.69,4.63,2.52,3.84,75.03,24.66643333333333,2.0773333333333333
2025-01-25 00:00:00-06:00,25.259583333333335,29.1,0.0,-17.3,67.0,0.0,57.76,4.63,2.52,3.84,75.03,17.213066666666666,2.0773333333333333
2025-01-26 00:00:00-06:00,30.59875,31.2,0.0,-26.6,95.0,0.0,22.090000000000003,4.63,2.52,3.84,75.03,9.759700000000002,2.0773333333333333
2025-01-27 00:00:00-06:00,31.75208333333333,27.0,0.0,-17.6,45.0,1.0,8.41,4.63,2.49,3.71,75.03,2.3063333333333333,2.0773333333333333
2025-01-28 00:00:00-06:00,29.46625,26.7,0.0,-12.899999999999999,28.0,1.0,11.559999999999999,4.63,2.52,3.71,74.15,20.18575,2.0773333333333333
2025-01-29 00:00:00-06:00,27.34583333333333,25.4,0.0,-10.600000000000001,0.0,1.0,27.040000000000003,4.63,2.52,3.38,72.94,20.056499999999996,2.0773333333333333
2025-01-30 00:00:00-06:00,20.190416666666668,26.2,0.0,-10.6,0.0,1.0,46.239999999999995,4.63,2.5,3.38,72.94,1.9822499999999998,2.0773333333333333
2025-01-31 00:00:00-06:00,21.859583333333333,26.4,0.0,-12.0,5.0,1.0,77.44000000000001,4.63,2.54,2.93,72.94,17.301,2.0773333333333333
2025-02-01 00:00:00-06:00,17.43583333333333,26.3,0.0,-12.9,11.0,1.0,56.25,4.45,2.54,2.93,72.94,15.643047619047618,2.0773333333333333
2025-02-02 00:00:00-06:00,15.918333333333335,25.3,0.0,-11.7,30.0,1.0,30.25,4.45,2.54,2.93,72.94,13.985095238095237,2.0773333333333333
2025-02-03 00:00:00-06:00,19.084166666666665,24.8,0.0,-12.8,64.0,0.0,17.64,4.45,2.61,3.3,73.52,12.327142857142857,2.0773333333333333
2025-02-04 00:00:00-06:00,25.245,23.1,0.0,-11.1,30.0,0.0,19.360000000000003,4.45,2.59,3.25,73.52,2.114,2.0773333333333333
2025-02-05 00:00:00-06:00,21.708333333333332,22.7,0.0,-9.100000000000001,11.0,1.0,40.96000000000001,4.45,2.57,3.25,73.52,20.482,2.0773333333333333
2025-02-06 00:00:00-06:00,25.43958333333333,22.5,0.0,-7.9,1.0,1.0,36.0,4.45,2.57,3.31,73.52,2.4165,2.0773333333333333
2025-02-07 00:00:00-06:00,23.684583333333332,24.3,0.0,-8.7,1.0,1.0,34.81,4.45,2.59,3.32,71.32,25.399999999999995,2.0773333333333333
2025-02-08 00:00:00-06:00,19.517916666666668,25.0,0.0,-10.4,0.0,1.0,27.040000000000003,4.45,2.59,3.32,71.32,17.71433333333333,2.0773333333333333
2025-02-09 00:00:00-06:00,28.303749999999997,26.0,0.0,-12.6,2.0,1.0,38.440000000000005,4.45,2.59,3.32,71.32,10.028666666666664,2.0773333333333333
2025-02-10 00:00:00-06:00,29.086250000000003,25.5,0.0,-11.3,2.0,1.0,26.009999999999998,4.45,2.6,3.48,71.32,2.343,2.0773333333333333
2025-02-11 00:00:00-06:00,24.687916666666666,25.7,0.0,-10.5,0.0,1.0,31.359999999999996,4.45,2.64,3.48,73.67,38.1115,2.0773333333333333
2025-02-12 00:00:00-06:00,24.787916666666664,26.6,0.0,-11.8,0.0,1.0,46.239999999999995,4.45,2.66,3.97,73.67,2.331,2.0773333333333333
2025-02-13 00:00:00-06:00,31.005416666666665,27.2,0.0,-11.799999999999999,0.0,1.0,26.009999999999998,4.45,2.64,4.43,73.67,2.6100000000000003,2.0773333333333333
2025-02-14 00:00:00-06:00,27.419166666666666,27.6,0.0,-13.0,0.0,1.0,8.41,4.45,2.62,4.6,73.67,2.205,2.0773333333333333
2025-02-15 00:00:00-06:00,19.245833333333334,27.3,0.0,-12.9,0.0,1.0,20.25,4.45,2.62,4.6,73.67,8.069333333333333,2.0773333333333333
2025-02-16 00:00:00-06:00,23.829166666666666,28.7,0.0,-14.899999999999999,3.0,1.0,19.360000000000003,4.45,2.62,4.6,73.67,13.933666666666666,2.0773333333333333
2025-02-17 00:00:00-06:00,19.957083333333333,26.8,0.0,-12.200000000000001,0.0,1.0,23.04,4.45,2.62,4.6,73.67,19.797999999999995,2.0773333333333333
2025-02-18 00:00:00-06:00,24.75208333333333,26.7,0.0,-12.299999999999999,1.0,1.0,23.04,4.45,2.65,6.4,72.21,25.662333333333333,2.0773333333333333
2025-02-19 00:00:00-06:00,46.11666666666667,26.9,0.0,-12.9,11.0,1.0,13.690000000000001,4.45,2.66,7.15,72.21,2.488,2.0773333333333333
2025-02-20 00:00:00-06:00,142.86791666666667,25.8,0.0,-12.6,3.0,1.0,16.81,4.45,2.66,5.62,72.21,17.0242,2.0773333333333333
2025-02-21 00:00:00-06:00,78.69791666666667,25.8,0.0,-10.8,0.0,1.0,12.25,4.45,2.61,5.62,70.72,19.409000000000002,2.0773333333333333
2025-02-22 00:00:00-06:00,48.145,25.0,0.0,-10.8,3.0,1.0,27.040000000000003,4.45,2.61,5.62,70.72,21.79388888888889,2.0773333333333333
2025-02-23 00:00:00-06:00,32.727916666666665,25.8,0.0,-10.8,2.0,1.0,40.96000000000001,4.45,2.61,5.62,70.72,24.178777777777775,2.0773333333333333
2025-02-24 00:00:00-06:00,30.489166666666666,26.2,0.0,-11.799999999999999,2.0,1.0,27.040000000000003,4.45,2.61,5.62,70.72,26.563666666666663,2.0773333333333333
2025-02-25 00:00:00-06:00,27.424583333333334,29.2,0.0,-16.2,17.0,1.0,37.209999999999994,4.45,2.57,5.62,69.15,24.47066666666667,2.0773333333333333
2025-02-26 00:00:00-06:00,20.394166666666667,25.7,0.0,-19.1,64.0,0.0,8.41,4.45,2.54,3.9,69.15,2.24,2.0773333333333333
2025-02-27 00:00:00-06:00,28.06958333333333,24.3,0.0,-12.1,15.0,0.0,11.559999999999999,4.45,2.57,3.91,69.15,1.949,2.0773333333333333
2025-02-28 00:00:00-06:00,26.7675,23.3,0.0,-8.3,2.0,1.0,14.44,4.45,2.58,3.91,69.15,38.556000000000004,2.0773333333333333
2025-03-01 00:00:00-06:00,31.129166666666666,23.9,0.0,-7.9,0.0,1.0,12.96,4.28,2.58,3.91,69.15,38.2175,2.0773333333333333
2025-03-02 00:00:00-06:00,20.08458333333333,25.6,0.0,-12.2,37.0,1.0,9.610000000000001,4.28,2.58,3.91,69.15,37.879,2.0773333333333333
2025-03-03 00:00:00-06:00,31.406666666666666,23.5,0.0,-8.1,2.0,1.0,12.96,4.28,2.59,3.8,69.15,37.540499999999994,2.0773333333333333
2025-03-04 00:00:00-06:00,28.717083333333335,24.0,0.0,-9.2,0.0,1.0,46.239999999999995,4.28,2.59,4.39,69.15,1.7465,2.0773333333333333
2025-03-05 00:00:00-06:00,35.29416666666667,24.4,0.0,-9.2,7.0,1.0,23.04,4.28,2.56,4.39,66.58,28.845,2.0773333333333333
2025-03-06 00:00:00-06:00,29.006249999999998,25.1,0.0,-12.899999999999999,31.0,1.0,10.240000000000002,4.28,2.53,4.39,66.58,2.132,2.0773333333333333
2025-03-07 00:00:00-06:00,43.57791666666666,25.6,0.0,-10.2,0.0,1.0,19.360000000000003,4.28,2.52,4.39,66.58,1.76525,2.0773333333333333
2025-03-08 00:00:00-06:00,36.35875,25.0,0.0,-10.4,26.0,1.0,10.240000000000002,4.28,2.52,4.39,66.58,13.369499999999999,2.0773333333333333
2025-03-09 00:00:00-06:00,37.60260869565217,22.5,0.0,-10.1,30.0,0.0,6.760000000000001,4.28,2.52,4.39,66.58,24.973749999999995,2.0773333333333333
2025-03-10 00:00:00-05:00,37.70708333333334,22.0,0.0,-9.0,13.0,1.0,7.290000000000001,4.28,2.49,4.23,66.58,36.577999999999996,2.0773333333333333
2025-03-11 00:00:00-05:00,28.053749999999997,23.2,0.0,-7.800000000000001,3.0,1.0,7.839999999999999,4.28,2.5,4.23,66.58,36.7745,2.0773333333333333
2025-03-12 00:00:00-05:00,35.26625,23.2,0.0,-8.4,16.0,1.0,5.289999999999999,4.28,2.53,4.18,67.65,23.534666666666666,2.0773333333333333
2025-03-13 00:00:00-05:00,43.56041666666667,22.7,0.0,-7.5,4.0,1.0,9.610000000000001,4.28,2.48,4.18,67.65,1.81075,2.0773333333333333
2025-03-14 00:00:00-05:00,40.22666666666667,22.2,0.0,-7.6,15.0,1.0,12.96,4.28,2.48,4.18,67.65,1.7757500000000002,2.0773333333333333
2025-03-15 00:00:00-05:00,34.13041666666667,21.7,0.0,-6.9,10.0,1.0,8.41,4.28,2.48,4.18,67.65,7.699250000000001,2.0773333333333333
2025-03-16 00:00:00-05:00,44.14125000000001,21.8,0.0,-6.0,1.0,1.0,6.760000000000001,4.28,2.48,4.18,67.65,13.622750000000002,2.0773333333333333
2025-03-17 00:00:00-05:00,25.966250000000002,21.6,0.0,-6.0,0.0,1.0,10.240000000000002,4.28,2.48,4.15,67.65,19.54625,2.0773333333333333
2025-03-18 00:00:00-05:00,28.21291666666667,22.5,0.0,-6.7,2.0,1.0,6.25,4.28,2.46,4.15,67.49,35.6,2.0773333333333333
2025-03-19 00:00:00-05:00,27.752499999999998,23.0,0.0,-7.6,0.0,1.0,15.209999999999999,4.28,2.5,4.21,67.49,2.16575,2.0773333333333333
2025-03-20 00:00:00-05:00,37.4625,22.7,0.0,-7.5,0.0,1.0,18.49,4.28,2.51,4.23,68.55,36.034,2.0773333333333333
2025-03-21 00:00:00-05:00,26.77208333333333,22.2,0.0,-6.2,0.0,1.0,20.25,4.28,2.51,4.23,68.55,19.878000000000004,2.0773333333333333
2025-03-22 00:00:00-05:00,25.3875,22.6,0.0,-8.399999999999999,3.0,1.0,37.209999999999994,4.28,2.51,4.23,68.55,13.97816666666667,2.0773333333333333
2025-03-23 00:00:00-05:00,28.86583333333333,24.2,0.0,-11.600000000000001,35.0,0.0,25.0,4.28,2.51,4.23,68.55,8.078333333333335,2.0773333333333333
2025-03-24 00:00:00-05:00,56.46416666666667,24.5,0.0,-19.1,100.0,0.0,32.49,4.28,2.54,4.23,68.55,2.1785,2.0773333333333333
2025-03-25 00:00:00-05:00,41.85708333333333,21.4,0.0,-15.200000000000001,99.0,0.0,6.25,4.28,2.56,4.23,68.55,1.9293999999999998,2.0773333333333333
2025-03-26 00:00:00-05:00,32.124583333333334,19.3,0.0,-7.3,55.0,0.0,11.559999999999999,4.28,2.56,3.85,70.05,15.768799999999999,2.0773333333333333
2025-03-27 00:00:00-05:00,32.8425,19.0,0.0,-6.2,38.0,0.0,13.690000000000001,4.28,2.6,3.85,70.05,2.0187999999999997,2.0773333333333333
2025-03-28 00:00:00-05:00,34.27041666666667,20.2,0.0,-4.800000000000001,0.0,1.0,9.0,4.28,2.58,3.89,70.05,2.5455,2.0773333333333333
2025-03-29 00:00:00-05:00,29.765,20.0,0.0,-4.4,0.0,1.0,10.240000000000002,4.28,2.58,3.89,70.05,8.590833333333334,2.0773333333333333
2025-03-30 00:00:00-05:00,37.58541666666667,20.8,0.0,-5.199999999999999,1.0,1.0,12.25,4.28,2.58,3.89,70.05,14.63616666666667,2.0773333333333333
2025-03-31 00:00:00-05:00,44.17666666666667,20.8,0.0,-5.6,0.0,1.0,12.96,4.28,2.61,4.11,70.05,20.681500000000003,2.0773333333333333
2025-04-01 00:00:00-05:00,36.004583333333336,20.9,0.0,-4.9,0.0,1.0,8.41,4.28,2.54,4.11,71.61,25.545666666666666,2.0773333333333333
2025-04-02 00:00:00-05:00,66.84333333333333,20.2,0.0,-4.800000000000001,3.0,1.0,10.240000000000002,4.28,2.51,4.11,72.12,19.841250000000002,2.0773333333333333
2025-04-03 00:00:00-05:00,55.07125,20.3,0.0,-5.3,0.0,1.0,15.209999999999999,4.28,2.5,4.21,72.12,1.77425,2.0773333333333333
2025-04-04 00:00:00-05:00,43.36833333333333,21.1,0.0,-5.5,4.0,1.0,12.96,4.28,2.34,4.04,62.42,31.6,2.0773333333333333
2025-04-05 00:00:00-05:00,34.28916666666667,21.0,0.0,-7.4,10.0,1.0,8.41,4.28,2.34,4.04,62.42,26.668083333333335,2.0773333333333333
2025-04-06 00:00:00-05:00,31.5825,21.3,0.0,-8.899999999999999,37.0,1.0,18.49,4.28,2.34,4.04,62.42,21.73616666666667,2.0773333333333333
2025-04-07 00:00:00-05:00,42.46666666666667,20.6,0.0,-8.8,64.0,0.0,20.25,4.28,2.31,3.97,61.05,16.80425,2.0773333333333333
2025-04-08 00:00:00-05:00,28.077916666666667,18.7,0.0,-6.1000000000000005,33.0,1.0,10.889999999999999,4.28,2.35,3.85,61.05,22.958333333333332,2.0773333333333333
2025-04-09 00:00:00-05:00,26.067916666666665,18.7,0.0,-6.1000000000000005,36.0,0.0,13.690000000000001,4.28,2.45,3.85,61.05,2.2929999999999997,2.0773333333333333
2025-04-10 00:00:00-05:00,35.58625,19.4,0.0,-3.8,10.0,1.0,5.76,4.28,2.32,3.7,61.05,14.714000000000002,2.0773333333333333
2025-04-11 00:00:00-05:00,33.83,19.8,0.0,-3.8,5.0,1.0,6.760000000000001,4.28,2.33,3.44,61.05,34.452,2.0773333333333333
2025-04-12 00:00:00-05:00,23.095416666666665,19.6,0.0,-5.0,10.0,1.0,11.559999999999999,4.28,2.33,3.44,61.05,29.081166666666665,2.0773333333333333
2025-04-13 00:00:00-05:00,26.467083333333335,19.2,0.0,-5.0,11.0,1.0,8.41,4.28,2.33,3.44,61.05,23.71033333333333,2.0773333333333333
2025-04-14 00:00:00-05:00,34.70125,19.8,0.0,-5.2,5.0,1.0,5.289999999999999,4.28,2.35,3.57,61.05,18.339499999999997,2.0773333333333333
2025-04-15 00:00:00-05:00,33.89208333333333,19.4,0.0,-5.199999999999999,3.0,1.0,6.760000000000001,4.28,2.31,3.27,61.74,22.698333333333334,2.0773333333333333
2025-04-16 00:00:00-05:00,30.0175,19.7,0.0,-7.9,70.0,1.0,8.41,4.28,2.29,3.25,61.74,34.946,2.0773333333333333
2025-04-17 00:00:00-05:00,30.440416666666668,18.5,0.0,-5.9,28.0,1.0,15.209999999999999,4.28,2.26,2.94,61.74,2.013,2.0773333333333333
2025-04-18 00:00:00-05:00,32.67666666666667,18.3,0.0,-5.5,26.0,0.0,16.0,4.28,2.26,2.94,61.74,7.125416666666666,2.0773333333333333
2025-04-19 00:00:00-05:00,26.969166666666666,18.5,0.0,-4.5,25.0,1.0,7.290000000000001,4.28,2.26,2.94,61.74,12.237833333333333,2.0773333333333333
2025-04-20 00:00:00-05:00,47.14833333333333,19.0,0.0,-4.8,13.0,1.0,5.289999999999999,4.28,2.26,2.94,61.74,17.35025,2.0773333333333333
2025-04-21 00:00:00-05:00,34.14791666666667,17.3,0.0,-3.8999999999999995,28.0,1.0,7.839999999999999,4.28,2.25,2.94,63.48,22.462666666666664,2.0773333333333333
2025-04-22 00:00:00-05:00,34.26,18.1,0.0,-3.9,10.0,1.0,10.240000000000002,4.28,2.3,3.12,64.6,14.5476,2.0773333333333333
2025-04-23 00:00:00-05:00,35.72958333333333,18.5,0.0,-4.1,11.0,1.0,7.839999999999999,4.28,2.33,3.12,64.6,24.138666666666666,2.0773333333333333
2025-04-24 00:00:00-05:00,36.985,19.3,0.0,-3.9000000000000004,3.0,1.0,7.290000000000001,4.28,2.35,2.87,64.6,2.2455,2.0773333333333333
2025-04-25 00:00:00-05:00,38.89791666666667,19.9,0.0,-4.699999999999999,2.0,1.0,6.760000000000001,4.28,2.32,2.71,63.85,20.222,2.0773333333333333
2025-04-26 00:00:00-05:00,30.822083333333335,20.0,0.0,-6.6,12.0,1.0,19.360000000000003,4.28,2.32,2.71,63.85,14.190000000000001,2.0773333333333333
2025-04-27 00:00:00-05:00,26.305833333333336,20.1,0.0,-4.9,1.0,1.0,5.289999999999999,4.28,2.32,2.71,63.85,8.158000000000001,2.0773333333333333
2025-04-28 00:00:00-05:00,37.87708333333333,20.5,0.0,-4.7,0.0,1.0,6.25,4.28,2.32,2.96,63.85,2.126,2.0773333333333333
2025-04-29 00:00:00-05:00,46.211666666666666,20.0,0.0,-6.4,2.0,1.0,9.0,4.28,2.29,2.96,61.84,31.903000000000002,2.0773333333333333
2025-04-30 00:00:00-05:00,48.35916666666666,19.1,0.0,-11.5,14.0,0.0,11.559999999999999,4.28,2.29,3.12,61.84,1.9926666666666666,2.0773333333333333
2025-05-01 00:00:00-05:00,53.60375,19.4,0.0,-6.199999999999999,0.0,1.0,5.76,4.42,2.3,3.08,61.84,1.6312499999999999,2.0773333333333333
2025-05-02 00:00:00-05:00,38.78958333333333,18.9,0.0,-5.1000000000000005,9.0,1.0,4.0,4.42,2.31,3.1,61.84,1.963,2.0773333333333333
2025-05-03 00:00:00-05:00,30.567916666666665,18.4,0.0,-5.0,21.0,1.0,9.610000000000001,4.42,2.31,3.1,61.84,6.665333333333333,2.0773333333333333
2025-05-04 00:00:00-05:00,20.506666666666668,17.9,0.0,-4.9,25.0,1.0,14.44,4.42,2.31,3.1,61.84,11.367666666666665,2.0773333333333333
2025-05-05 00:00:00-05:00,30.173333333333332,18.2,0.0,-3.0,13.0,1.0,5.76,4.42,2.33,3.1,58.5,16.07,2.0773333333333333
2025-05-06 00:00:00-05:00,42.170833333333334,18.1,0.0,-3.1,1.0,1.0,8.41,4.42,2.34,3.08,60.42,21.028000000000002,2.0773333333333333
2025-05-07 00:00:00-05:00,39.54208333333333,18.4,0.0,-4.4,8.0,1.0,11.559999999999999,4.42,2.33,3.18,60.42,2.45,2.0773333333333333
2025-05-08 00:00:00-05:00,37.67,18.2,0.0,-6.2,42.0,0.0,15.209999999999999,4.42,2.39,3.23,60.42,2.339,2.0773333333333333
2025-05-09 00:00:00-05:00,30.064999999999998,16.7,0.0,-4.5,35.0,0.0,17.64,4.42,2.39,3.22,60.42,22.8,2.0773333333333333
2025-05-10 00:00:00-05:00,26.271666666666665,16.7,0.0,-3.9000000000000004,30.0,0.0,16.0,4.42,2.39,3.22,60.42,20.013333333333335,2.0773333333333333
2025-05-11 00:00:00-05:00,31.327083333333334,15.9,0.0,-1.9,32.0,1.0,8.41,4.42,2.39,3.22,60.42,17.22666666666667,2.0773333333333333
2025-05-12 00:00:00-05:00,32.64833333333333,15.9,0.0,-0.10000000000000009,15.0,1.0,10.240000000000002,4.42,2.35,3.19,60.42,14.440000000000003,2.0773333333333333
2025-05-13 00:00:00-05:00,43.67458333333334,16.0,0.0,0.6000000000000001,2.0,1.0,9.0,4.42,2.38,3.27,65.04,23.26666666666667,2.0773333333333333
2025-05-14 00:00:00-05:00,63.99625,16.4,0.0,0.6000000000000001,1.0,1.0,4.840000000000001,4.42,2.44,3.31,65.04,34.021499999999996,2.0773333333333333
2025-05-15 00:00:00-05:00,65.36833333333333,16.3,0.0,0.30000000000000004,1.0,1.0,7.839999999999999,4.42,2.41,3.2,65.04,2.1805999999999996,2.0773333333333333
2025-05-16 00:00:00-05:00,51.89625,16.5,0.0,0.5,1.0,1.0,9.0,4.42,2.42,3.01,65.04,14.652199999999999,2.0773333333333333
2025-05-17 00:00:00-05:00,32.500416666666666,17.1,0.0,-0.29999999999999993,2.0,1.0,14.44,4.42,2.42,3.01,65.04,10.464633333333332,2.0773333333333333
2025-05-18 00:00:00-05:00,31.161666666666665,16.3,0.0,-0.30000000000000004,6.0,1.0,10.889999999999999,4.42,2.42,3.01,65.04,6.277066666666666,2.0773333333333333
2025-05-19 00:00:00-05:00,36.63583333333333,15.5,0.0,-0.10000000000000009,6.0,1.0,16.0,4.42,2.43,3.01,65.04,2.0895,2.0773333333333333
2025-05-20 00:00:00-05:00,94.11500000000001,16.0,0.0,1.0,1.0,1.0,15.209999999999999,4.42,2.42,3.15,63.97,33.87225,2.0773333333333333
2025-05-21 00:00:00-05:00,36.36625,15.8,0.0,-1.7999999999999998,22.0,0.0,18.49,4.42,2.43,3.2,63.97,17.989125,2.0773333333333333
2025-05-22 00:00:00-05:00,32.385,15.0,0.0,-1.4000000000000004,1.0,1.0,18.49,4.42,2.42,3.2,63.97,2.106,2.0773333333333333
2025-05-23 00:00:00-05:00,32.02166666666667,15.5,0.0,-1.2999999999999998,3.0,1.0,39.69,4.42,2.4,2.93,62.89,17.390500000000003,2.0773333333333333
2025-05-24 00:00:00-05:00,34.581250000000004,13.2,0.0,-1.0,9.0,0.0,16.0,4.42,2.4,2.93,62.89,28.445375000000002,2.0773333333333333
2025-05-25 00:00:00-05:00,37.44375,13.2,0.0,0.7999999999999998,31.0,1.0,22.090000000000003,4.42,2.4,2.93,62.89,39.50025,2.0773333333333333
2025-05-26 00:00:00-05:00,38.03541666666667,14.4,0.0,1.4,3.0,1.0,16.0,4.42,2.4,2.93,62.89,50.555125000000004,2.0773333333333333
2025-05-27 00:00:00-05:00,40.485416666666666,13.4,0.0,1.1999999999999997,18.0,1.0,18.49,4.42,2.41,3.2,61.61,61.61,2.0773333333333333
2025-05-28 00:00:00-05:00,35.35458333333333,12.2,0.0,2.0,29.0,1.0,31.359999999999996,4.42,2.39,3.09,61.61,12.621166666666666,2.0773333333333333
2025-05-29 00:00:00-05:00,34.869166666666665,13.9,0.0,3.6999999999999997,0.0,1.0,7.839999999999999,4.42,2.38,2.97,61.61,2.0115,2.0773333333333333
2025-05-30 00:00:00-05:00,44.95916666666667,15.3,0.0,1.7000000000000002,0.0,1.0,37.209999999999994,4.42,2.39,2.86,61.61,2.0105,2.0773333333333333
2025-05-31 00:00:00-05:00,35.80583333333333,13.1,0.0,3.1000000000000005,0.0,1.0,16.81,4.42,2.39,2.86,61.61,1.788,2.0773333333333333
2025-06-01 00:00:00-05:00,33.59708333333334,13.7,0.0,4.1,1.0,1.0,10.240000000000002,4.38,2.39,2.86,61.61,1.5655,2.0773333333333333
2025-06-02 00:00:00-05:00,33.403333333333336,14.4,0.0,3.0,6.0,1.0,14.44,4.38,2.38,2.86,61.61,1.343,2.0773333333333333
2025-06-03 00:00:00-05:00,35.490833333333335,15.4,0.0,2.2,0.0,1.0,11.559999999999999,4.38,2.38,2.84,61.61,2.08275,2.0773333333333333
2025-06-04 00:00:00-05:00,39.718333333333334,14.4,0.0,2.2,12.0,1.0,18.49,4.38,2.32,2.8,61.61,23.557,2.0773333333333333
2025-06-05 00:00:00-05:00,34.115833333333335,14.1,0.0,2.3,9.0,1.0,17.64,4.38,2.31,2.8,61.61,18.31,2.0773333333333333
2025-06-06 00:00:00-05:00,38.558749999999996,13.5,0.0,2.1,32.0,1.0,16.81,4.38,2.35,2.68,65.3,14.730200000000002,2.0773333333333333
2025-06-07 00:00:00-05:00,54.85708333333333,13.1,0.0,1.7000000000000002,22.0,1.0,21.159999999999997,4.38,2.35,2.68,65.3,10.503216666666667,2.0773333333333333
2025-06-08 00:00:00-05:00,42.00208333333333,13.0,0.0,-0.5999999999999996,59.0,1.0,28.09,4.38,2.35,2.68,65.3,6.276233333333334,2.0773333333333333
2025-06-09 00:00:00-05:00,46.25625,11.1,0.0,-4.699999999999999,96.0,0.0,37.209999999999994,4.38,2.34,3.13,65.3,2.04925,2.0773333333333333
2025-06-10 00:00:00-05:00,37.42375,10.2,0.0,-0.20000000000000018,69.0,0.0,19.360000000000003,4.38,2.32,2.79,65.3,68.41,2.0773333333333333
2025-06-11 00:00:00-05:00,34.52625,11.0,0.0,1.5999999999999996,46.0,1.0,18.49,4.38,2.3,2.73,68.91,24.56566666666667,2.0773333333333333
2025-06-12 00:00:00-05:00,35.314166666666665,10.7,0.0,2.0999999999999996,45.0,1.0,26.009999999999998,4.38,2.28,2.9,68.91,2.133,2.0773333333333333
2025-06-13 00:00:00-05:00,32.64958333333333,11.1,0.0,2.7,21.0,1.0,25.0,4.38,2.31,2.9,73.84,19.82675,2.0773333333333333
2025-06-14 00:00:00-05:00,28.877916666666668,11.9,0.0,3.0999999999999996,27.0,1.0,17.64,4.38,2.31,2.9,73.84,13.811833333333333,2.0773333333333333
2025-06-15 00:00:00-05:00,27.39916666666667,11.4,0.0,4.3999999999999995,8.0,1.0,16.0,4.38,2.31,2.9,73.84,7.796916666666666,2.0773333333333333
2025-06-16 00:00:00-05:00,32.35541666666666,11.8,0.0,3.8000000000000003,11.0,1.0,19.360000000000003,4.38,2.32,2.9,73.84,1.782,2.0773333333333333
2025-06-17 00:00:00-05:00,27.29625,11.7,0.0,4.1,4.0,1.0,23.04,4.38,2.35,2.9,73.84,78.7,2.0773333333333333
2025-06-18 00:00:00-05:00,39.42375,11.8,0.0,4.800000000000001,2.0,1.0,26.009999999999998,4.38,2.36,2.9,75.89,52.24599999999999,2.0773333333333333
2025-06-19 00:00:00-05:00,38.602916666666665,11.9,0.0,4.699999999999999,5.0,1.0,28.09,4.38,2.36,2.9,75.89,65.488,2.0773333333333333
2025-06-20 00:00:00-05:00,32.839166666666664,11.5,0.0,4.5,26.0,1.0,10.240000000000002,4.38,2.37,3.09,75.89,78.73,2.0773333333333333
2025-06-21 00:00:00-05:00,30.944999999999997,9.9,0.0,3.5,52.0,1.0,23.04,4.38,2.37,3.09,75.89,64.4475,2.0773333333333333
2025-06-22 00:00:00-05:00,30.55333333333333,10.0,0.0,3.5999999999999996,61.0,1.0,30.25,4.38,2.37,3.09,75.89,50.165000000000006,2.0773333333333333
2025-06-23 00:00:00-05:00,33.040416666666665,12.5,0.0,3.3,5.0,1.0,36.0,4.38,2.33,3.09,69.36,35.8825,2.0773333333333333
2025-06-24 00:00:00-05:00,32.71,14.9,0.0,-0.2999999999999998,52.0,1.0,47.61000000000001,4.38,2.3,3.09,69.36,2.25,2.0773333333333333
2025-06-25 00:00:00-05:00,30.74791666666667,10.5,0.0,1.9000000000000004,46.0,1.0,23.04,4.38,2.28,3.26,69.36,2.177,2.0773333333333333
2025-06-26 00:00:00-05:00,30.631249999999998,9.8,0.0,3.1999999999999993,47.0,1.0,23.04,4.38,2.29,3.23,66.44,28.003799999999995,2.0773333333333333
2025-06-27 00:00:00-05:00,31.72791666666667,9.5,0.0,4.5,49.0,1.0,20.25,4.38,2.31,3.23,66.44,35.8335,2.0773333333333333
2025-06-28 00:00:00-05:00,29.177916666666665,10.5,0.0,4.5,10.0,1.0,24.010000000000005,4.38,2.31,3.23,66.44,35.3225,2.0773333333333333
2025-06-29 00:00:00-05:00,27.791666666666668,10.3,0.0,3.9000000000000004,30.0,1.0,20.25,4.38,2.31,3.23,66.44,34.8115,2.0773333333333333
2025-06-30 00:00:00-05:00,39.80375,10.8,0.0,4.4,17.0,1.0,31.359999999999996,4.38,2.31,3.26,66.3,34.3005,2.0773333333333333
2025-07-01 00:00:00-05:00,45.890416666666674,10.9,0.0,3.6999999999999997,10.0,1.0,20.25,4.39,2.32,3.26,66.3,15.291599999999999,2.0773333333333333
2025-07-02 00:00:00-05:00,39.35125,10.9,0.0,4.3,20.0,1.0,16.81,4.39,2.34,3.1,66.3,2.238,2.0773333333333333
2025-07-03 00:00:00-05:00,37.12791666666667,11.2,0.0,4.199999999999999,13.0,1.0,32.49,4.39,2.37,3.1,68.13,21.466857142857144,2.0773333333333333
2025-07-04 00:00:00-05:00,29.391666666666666,12.3,0.0,4.1,5.0,1.0,12.25,4.39,2.37,3.1,68.13,20.167592857142857,2.0773333333333333
2025-07-05 00:00:00-05:00,30.067916666666665,11.4,0.0,2.0,17.0,1.0,17.64,4.39,2.37,3.1,68.13,18.86832857142857,2.0773333333333333
2025-07-06 00:00:00-05:00,33.28958333333333,11.2,0.0,2.3999999999999995,54.0,1.0,13.690000000000001,4.39,2.37,3.1,68.13,17.569064285714287,2.0773333333333333
2025-07-07 00:00:00-05:00,36.37166666666666,10.6,0.0,2.6000000000000005,56.0,1.0,28.09,4.39,2.4,3.24,68.13,16.2698,2.0773333333333333
2025-07-08 00:00:00-05:00,34.08166666666667,10.8,0.0,3.0,52.0,1.0,25.0,4.39,2.39,3.24,69.55,19.12125,2.0773333333333333
2025-07-09 00:00:00-05:00,30.935833333333335,9.7,0.0,3.1000000000000005,53.0,0.0,29.160000000000004,4.39,2.38,3.08,69.61,13.29316666666667,2.0773333333333333
2025-07-10 00:00:00-05:00,28.85875,9.3,0.0,3.6999999999999993,49.0,1.0,21.159999999999997,4.39,2.39,3.11,67.78,69.08,2.0773333333333333
2025-07-11 00:00:00-05:00,27.612916666666667,9.3,0.0,4.8999999999999995,31.0,1.0,15.209999999999999,4.39,2.44,3.22,69.63,15.4458,2.0773333333333333
2025-07-12 00:00:00-05:00,34.17208333333333,10.4,0.0,4.199999999999999,27.0,1.0,14.44,4.39,2.44,3.22,69.63,16.806366666666666,2.0773333333333333
2025-07-13 00:00:00-05:00,39.02833333333333,9.8,0.0,3.3999999999999995,50.0,1.0,16.81,4.39,2.44,3.22,69.63,18.166933333333333,2.0773333333333333
2025-07-14 00:00:00-05:00,42.030833333333334,10.0,0.0,3.5999999999999996,33.0,1.0,22.090000000000003,4.39,2.45,3.22,69.63,19.5275,2.0773333333333333
2025-07-15 00:00:00-05:00,33.13291666666667,10.3,0.0,4.7,34.0,1.0,21.159999999999997,4.39,2.48,3.22,69.63,36.23,2.0773333333333333
2025-07-16 00:00:00-05:00,34.58166666666667,9.2,0.0,4.800000000000001,33.0,1.0,22.090000000000003,4.39,2.49,3.22,69.63,15.7764,2.0773333333333333
2025-07-17 00:00:00-05:00,37.17333333333333,8.4,0.0,5.6,31.0,1.0,20.25,4.39,2.53,3.52,69.63,9.068033333333334,2.0773333333333333
2025-07-18 00:00:00-05:00,32.26583333333333,8.5,0.0,5.9,11.0,1.0,19.360000000000003,4.39,2.5,3.5,69.63,2.359666666666667,2.0773333333333333
2025-07-19 00:00:00-05:00,27.47875,9.9,0.0,6.5,2.0,1.0,10.240000000000002,4.39,2.5,3.5,69.63,13.326611111111111,2.0773333333333333
2025-07-20 00:00:00-05:00,27.342083333333335,9.9,0.0,4.5,7.0,1.0,13.690000000000001,4.39,2.5,3.5,69.63,24.293555555555553,2.0773333333333333
2025-07-21 00:00:00-05:00,32.67375,9.5,0.0,4.7,13.0,1.0,15.209999999999999,4.39,2.49,3.5,68.39,35.2605,2.0773333333333333
2025-07-22 00:00:00-05:00,32.334583333333335,9.3,0.0,5.1,26.0,1.0,14.44,4.39,2.47,3.5,68.39,2.3497500000000002,2.0773333333333333
2025-07-23 00:00:00-05:00,33.566250000000004,8.9,0.0,4.5,19.0,1.0,21.159999999999997,4.39,2.44,3.5,66.05,23.831833333333336,2.0773333333333333
2025-07-24 00:00:00-05:00,41.57791666666667,8.9,0.0,4.3,32.0,1.0,20.25,4.39,2.5,3.13,66.05,24.988,2.0773333333333333
2025-07-25 00:00:00-05:00,45.02375,9.1,0.0,4.7,17.0,1.0,22.090000000000003,4.39,2.47,3.1,66.05,19.0215,2.0773333333333333
2025-07-26 00:00:00-05:00,29.754583333333333,9.9,0.0,5.699999999999999,0.0,1.0,19.360000000000003,4.39,2.47,3.1,66.05,24.372,2.0773333333333333
2025-07-27 00:00:00-05:00,24.7825,10.5,0.0,5.9,5.0,1.0,15.209999999999999,4.39,2.47,3.1,66.05,29.7225,2.0773333333333333
2025-07-28 00:00:00-05:00,33.085,9.9,0.0,4.1,29.0,1.0,16.81,4.39,2.47,3.12,67.81,35.073,2.0773333333333333
2025-07-29 00:00:00-05:00,39.12583333333333,9.8,0.0,4.999999999999999,37.0,1.0,17.64,4.39,2.48,3.08,67.81,20.109250000000003,2.0773333333333333
2025-07-30 00:00:00-05:00,92.22458333333333,9.7,0.0,4.300000000000001,25.0,0.0,22.090000000000003,4.39,2.48,3.08,71.09,19.117250000000002,2.0773333333333333
2025-07-31 00:00:00-05:00,53.65041666666667,9.3,0.0,4.699999999999999,19.0,0.0,24.010000000000005,4.39,2.46,2.99,70.36,36.405,2.0773333333333333
2025-08-01 00:00:00-05:00,47.52041666666667,9.9,0.0,5.699999999999999,1.0,1.0,24.010000000000005,4.26,2.38,3.0,68.39,35.2905,2.0773333333333333
2025-08-02 00:00:00-05:00,40.07666666666667,10.1,0.0,5.1000000000000005,4.0,1.0,22.090000000000003,4.26,2.38,3.0,68.39,24.312666666666665,2.0773333333333333
2025-08-03 00:00:00-05:00,34.98583333333333,9.7,0.0,5.1000000000000005,18.0,1.0,23.04,4.26,2.38,3.0,68.39,13.334833333333332,2.0773333333333333
2025-08-04 00:00:00-05:00,31.927083333333332,9.6,0.0,5.0,2.0,1.0,21.159999999999997,4.26,2.41,2.89,68.39,2.357,2.0773333333333333
2025-08-05 00:00:00-05:00,28.25916666666667,9.0,0.0,5.6,31.0,1.0,15.209999999999999,4.26,2.41,2.98,68.39,35.6565,2.0773333333333333
2025-08-06 00:00:00-05:00,26.49416666666667,8.9,0.0,6.5,5.0,1.0,13.690000000000001,4.26,2.4,3.02,65.38,18.052,2.0773333333333333
2025-08-07 00:00:00-05:00,33.80166666666667,9.4,0.0,5.199999999999999,11.0,0.0,23.04,4.26,2.41,3.02,65.38,18.379749999999998,2.0773333333333333
2025-08-08 00:00:00-05:00,32.56166666666667,10.0,0.0,4.6,5.0,1.0,26.009999999999998,4.26,2.46,3.03,65.38,2.222166666666667,2.0773333333333333
2025-08-09 00:00:00-05:00,26.174583333333334,10.6,0.0,5.0,1.0,1.0,26.009999999999998,4.26,2.46,3.03,65.38,9.21111111111111,2.0773333333333333
2025-08-10 00:00:00-05:00,27.777916666666666,11.4,0.0,5.8,3.0,1.0,7.839999999999999,4.26,2.46,3.03,65.38,16.200055555555554,2.0773333333333333
2025-08-11 00:00:00-05:00,48.96666666666667,9.8,0.0,4.999999999999999,24.0,1.0,13.690000000000001,4.26,2.46,3.03,65.03,23.188999999999997,2.0773333333333333
2025-08-12 00:00:00-05:00,68.24291666666666,10.4,0.0,5.8,21.0,1.0,10.889999999999999,4.26,2.43,2.93,64.22,22.85833333333333,2.0773333333333333
2025-08-13 00:00:00-05:00,49.768750000000004,11.4,0.0,3.5999999999999996,36.0,1.0,15.209999999999999,4.26,2.42,2.95,64.22,2.19075,2.0773333333333333
2025-08-14 00:00:00-05:00,35.33083333333334,10.2,0.0,3.8,46.0,1.0,15.209999999999999,4.26,2.43,2.78,64.22,24.253666666666664,2.0773333333333333
2025-08-15 00:00:00-05:00,29.883750000000003,9.9,0.0,4.3,37.0,1.0,16.0,4.26,2.42,2.78,64.22,18.050749999999997,2.0773333333333333
2025-08-16 00:00:00-05:00,32.17666666666667,10.4,0.0,4.3999999999999995,44.0,1.0,18.49,4.26,2.42,2.78,64.22,18.810309523809522,2.0773333333333333
2025-08-17 00:00:00-05:00,35.15958333333334,10.8,0.0,2.8,19.0,1.0,28.09,4.26,2.42,2.78,64.22,19.569869047619047,2.0773333333333333
2025-08-18 00:00:00-05:00,61.40208333333334,11.5,0.0,3.1,14.0,1.0,19.360000000000003,4.26,2.42,2.96,64.51,20.329428571428572,2.0773333333333333
2025-08-19 00:00:00-05:00,86.02916666666665,11.5,0.0,3.3,18.0,1.0,28.09,4.26,2.39,2.87,64.51,2.312,2.0773333333333333
2025-08-20 00:00:00-05:00,55.62833333333333,11.3,0.0,3.3000000000000003,10.0,0.0,22.090000000000003,4.26,2.4,2.8,64.19,17.27375,2.0773333333333333
2025-08-21 00:00:00-05:00,40.50833333333333,11.4,0.0,3.9999999999999996,6.0,1.0,23.04,4.26,2.44,2.8,64.19,2.227,2.0773333333333333
2025-08-22 00:00:00-05:00,36.59375,11.1,0.0,3.9000000000000004,7.0,1.0,19.360000000000003,4.26,2.48,2.76,64.19,2.2726666666666664,2.0773333333333333
2025-08-23 00:00:00-05:00,31.68375,11.1,0.0,3.5000000000000004,9.0,1.0,23.04,4.26,2.48,2.76,64.19,5.701611111111111,2.0773333333333333
2025-08-24 00:00:00-05:00,36.795,11.1,0.0,3.9000000000000004,8.0,1.0,22.090000000000003,4.26,2.48,2.76,64.19,9.130555555555556,2.0773333333333333
2025-08-25 00:00:00-05:00,32.71,11.4,0.0,3.5999999999999996,11.0,1.0,19.360000000000003,4.26,2.49,2.76,65.18,12.559500000000002,2.0773333333333333
2025-08-26 00:00:00-05:00,31.067916666666665,11.1,0.0,3.3000000000000003,7.0,1.0,22.090000000000003,4.26,2.5,2.82,65.18,2.2235,2.0773333333333333
2025-08-27 00:00:00-05:00,32.24458333333333,11.3,0.0,3.3000000000000003,21.0,1.0,23.04,4.26,2.5,2.82,64.49,64.49,2.0773333333333333
2025-08-28 00:00:00-05:00,42.94958333333333,12.3,0.0,2.9000000000000004,17.0,1.0,10.240000000000002,4.26,2.49,2.9,64.49,2.498,2.0773333333333333
2025-08-29 00:00:00-05:00,47.23041666666666,12.8,0.0,3.4000000000000004,0.0,1.0,15.209999999999999,4.26,2.47,2.88,64.36,22.85833333333333,2.0773333333333333
2025-08-30 00:00:00-05:00,33.37416666666667,12.5,0.0,1.5,48.0,1.0,4.840000000000001,4.26,2.47,2.88,64.36,17.695625,2.0773333333333333
2025-08-31 00:00:00-05:00,31.800833333333333,12.6,0.0,3.2,15.0,1.0,15.209999999999999,4.26,2.47,2.88,64.36,12.532916666666665,2.0773333333333333
2025-09-01 00:00:00-05:00,37.30416666666667,12.1,0.0,2.3000000000000003,21.0,1.0,20.25,4.12,2.47,2.88,64.36,7.370208333333332,2.0773333333333333
2025-09-02 00:00:00-05:00,34.89333333333334,11.8,0.0,2.4000000000000004,22.0,0.0,17.64,4.12,2.48,2.7,64.36,2.2075,2.0773333333333333
2025-09-03 00:00:00-05:00,36.21083333333333,11.1,0.0,2.5,28.0,0.0,16.0,4.12,2.46,3.0,64.36,34.230999999999995,2.0773333333333333
2025-09-04 00:00:00-05:00,32.998333333333335,10.8,0.0,2.8,22.0,1.0,20.25,4.12,2.44,3.11,63.81,22.745,2.0773333333333333
2025-09-05 00:00:00-05:00,33.9475,10.6,0.0,3.6000000000000005,19.0,1.0,16.0,4.12,2.42,3.05,63.81,2.2664999999999997,2.0773333333333333
2025-09-06 00:00:00-05:00,34.608333333333334,11.1,0.0,3.3000000000000003,17.0,0.0,19.360000000000003,4.12,2.42,3.05,63.81,2.1983333333333333,2.0773333333333333
2025-09-07 00:00:00-05:00,29.24416666666667,11.5,0.0,2.5,7.0,0.0,23.04,4.12,2.42,3.05,63.81,2.1301666666666663,2.0773333333333333
2025-09-08 00:00:00-05:00,24.36375,11.0,0.0,3.2,17.0,1.0,16.81,4.12,2.41,3.1,63.81,2.062,2.0773333333333333
2025-09-09 00:00:00-05:00,21.275,11.2,0.0,3.5999999999999996,14.0,1.0,17.64,4.12,2.43,3.1,63.81,2.2733999999999996,2.0773333333333333
2025-09-10 00:00:00-05:00,25.641666666666666,11.1,0.0,3.7,8.0,1.0,15.209999999999999,4.12,2.41,2.89,64.01,14.3278,2.0773333333333333
2025-09-11 00:00:00-05:00,29.324166666666667,11.2,0.0,3.8,18.0,1.0,16.81,4.12,2.41,2.81,62.71,14.339400000000001,2.0773333333333333
2025-09-12 00:00:00-05:00,28.631666666666664,10.1,0.0,4.7,47.0,1.0,12.96,4.12,2.42,2.81,63.02,17.120250000000002,2.0773333333333333
2025-09-13 00:00:00-05:00,26.83375,10.7,0.0,4.5,23.0,1.0,17.64,4.12,2.42,2.81,63.02,12.171833333333336,2.0773333333333333
2025-09-14 00:00:00-05:00,33.391666666666666,11.0,0.0,2.8,51.0,1.0,19.360000000000003,4.12,2.42,2.81,63.02,7.223416666666667,2.0773333333333333
2025-09-15 00:00:00-05:00,36.126666666666665,12.4,0.0,2.9999999999999996,4.0,1.0,12.25,4.12,2.41,3.0,63.02,2.275,2.0773333333333333
2025-09-16 00:00:00-05:00,35.96083333333333,13.1,0.0,3.9000000000000004,1.0,1.0,9.0,4.12,2.42,3.07,63.02,2.347,2.0773333333333333
2025-09-17 00:00:00-05:00,32.276666666666664,13.3,0.0,3.7,0.0,1.0,12.25,4.12,2.43,3.19,63.02,18.977249999999998,2.0773333333333333
2025-09-18 00:00:00-05:00,33.413333333333334,13.0,0.0,3.4,6.0,1.0,8.41,4.12,2.44,3.1,63.02,24.262,2.0773333333333333
2025-09-19 00:00:00-05:00,33.035833333333336,12.4,0.0,2.9999999999999996,14.0,1.0,15.209999999999999,4.12,2.43,2.89,63.02,34.73,2.0773333333333333
2025-09-20 00:00:00-05:00,28.407916666666665,12.6,0.0,3.0000000000000004,17.0,1.0,18.49,4.12,2.43,2.89,63.02,32.22886666666666,2.0773333333333333
2025-09-21 00:00:00-05:00,27.987916666666667,12.7,0.0,3.0999999999999996,17.0,1.0,10.889999999999999,4.12,2.43,2.89,63.02,29.727733333333333,2.0773333333333333
2025-09-22 00:00:00-05:00,31.504166666666666,12.1,0.0,2.3000000000000003,42.0,1.0,12.25,4.12,2.42,2.9,62.99,27.2266,2.0773333333333333
2025-09-23 00:00:00-05:00,36.1325,11.0,0.0,0.5999999999999996,82.0,1.0,12.25,4.12,2.42,2.86,62.99,2.388,2.0773333333333333
2025-09-24 00:00:00-05:00,32.25083333333333,11.8,0.0,1.4000000000000004,54.0,1.0,24.010000000000005,4.12,2.42,2.88,65.4,18.07875,2.0773333333333333
2025-09-25 00:00:00-05:00,36.02791666666666,11.6,0.0,1.2000000000000002,62.0,1.0,17.64,4.12,2.42,2.88,65.4,2.300333333333333,2.0773333333333333
2025-09-26 00:00:00-05:00,30.390833333333333,10.9,0.0,1.6999999999999993,68.0,1.0,15.209999999999999,4.12,2.42,2.9,65.4,2.3247999999999998,2.0773333333333333
2025-09-27 00:00:00-05:00,26.36583333333333,12.0,0.0,1.4000000000000004,56.0,1.0,15.209999999999999,4.12,2.42,2.9,65.4,2.1241999999999996,2.0773333333333333
2025-09-28 00:00:00-05:00,26.934166666666666,12.1,0.0,1.1000000000000005,45.0,0.0,14.44,4.12,2.42,2.9,65.4,1.9235999999999998,2.0773333333333333
2025-09-29 00:00:00-05:00,32.2725,11.9,0.0,2.0999999999999996,53.0,1.0,15.209999999999999,4.12,2.41,2.93,65.4,1.7229999999999999,2.0773333333333333
2025-09-30 00:00:00-05:00,33.33833333333333,12.3,0.0,1.5,37.0,1.0,19.360000000000003,4.12,2.42,3.12,65.4,15.573599999999999,2.0773333333333333
2025-10-01 00:00:00-05:00,33.083333333333336,13.8,0.0,0.8000000000000003,12.0,1.0,20.25,4.06,2.39,3.24,65.4,2.19375,2.0773333333333333
2025-10-02 00:00:00-05:00,32.76541666666667,13.5,0.0,1.5,13.0,1.0,14.44,4.06,2.37,3.32,65.4,17.531,2.0773333333333333
2025-10-03 00:00:00-05:00,32.545,13.1,0.0,2.1000000000000005,4.0,1.0,13.690000000000001,4.06,2.38,3.19,65.4,14.979400000000002,2.0773333333333333
2025-10-04 00:00:00-05:00,28.30333333333333,13.6,0.0,3.0000000000000004,3.0,1.0,24.010000000000005,4.06,2.38,3.19,65.4,16.135266666666666,2.0773333333333333
2025-10-05 00:00:00-05:00,28.021666666666665,14.2,0.0,3.0,0.0,1.0,11.559999999999999,4.06,2.38,3.19,65.4,17.291133333333335,2.0773333333333333
2025-10-06 00:00:00-05:00,40.1075,13.3,0.0,1.3000000000000003,33.0,0.0,10.889999999999999,4.06,2.38,3.32,65.4,18.447,2.0773333333333333
2025-10-07 00:00:00-05:00,43.507083333333334,13.7,0.0,1.5,32.0,1.0,16.0,4.06,2.39,3.32,65.4,2.0745,2.0773333333333333
2025-10-08 00:00:00-05:00,41.428333333333335,14.2,0.0,0.3999999999999999,26.0,1.0,15.209999999999999,4.06,2.39,3.35,65.4,1.8377500000000002,2.0773333333333333
2025-10-09 00:00:00-05:00,37.09458333333333,14.4,0.0,1.0,33.0,1.0,23.04,4.06,2.39,3.35,62.36,33.44975,2.0773333333333333
2025-10-10 00:00:00-05:00,34.00791666666667,14.8,0.0,1.0,22.0,1.0,28.09,4.06,2.35,2.9,62.36,1.9655,2.0773333333333333
2025-10-11 00:00:00-05:00,26.166666666666668,16.0,0.0,0.6000000000000001,9.0,1.0,19.360000000000003,4.06,2.35,2.9,62.36,1.5183333333333333,2.0773333333333333
2025-10-12 00:00:00-05:00,26.525000000000002,15.4,0.0,-1.4,40.0,1.0,14.44,4.06,2.35,2.9,62.36,1.0711666666666666,2.0773333333333333
2025-10-13 00:00:00-05:00,38.77916666666666,15.9,0.0,-1.6999999999999997,35.0,1.0,13.690000000000001,4.06,2.35,2.9,62.36,0.624,2.0773333333333333
2025-10-14 00:00:00-05:00,37.275,16.3,0.0,-3.7,60.0,0.0,22.090000000000003,4.06,2.33,2.83,59.52,31.767500000000002,2.0773333333333333
2025-10-15 00:00:00-05:00,34.62,15.2,0.0,-4.4,85.0,0.0,12.96,4.06,2.33,2.79,59.52,1.992,2.0773333333333333
2025-10-16 00:00:00-05:00,25.220416666666665,15.6,0.0,-6.4,82.0,0.0,16.81,4.06,2.29,2.79,58.29,16.285,2.0773333333333333
2025-10-17 00:00:00-05:00,32.4675,15.6,0.0,-4.4,64.0,0.0,11.559999999999999,4.06,2.29,2.65,58.3,13.366,2.0773333333333333
2025-10-18 00:00:00-05:00,35.9275,16.0,0.0,-4.4,53.0,1.0,17.64,4.06,2.29,2.65,58.3,13.399949999999999,2.0773333333333333
2025-10-19 00:00:00-05:00,22.02208333333333,17.2,0.0,-7.3999999999999995,53.0,1.0,14.44,4.06,2.29,2.65,58.3,13.433899999999998,2.0773333333333333
2025-10-20 00:00:00-05:00,27.285416666666666,16.5,0.0,-5.3,96.0,0.0,12.96,4.06,2.28,2.99,58.3,13.467849999999999,2.0773333333333333
2025-10-21 00:00:00-05:00,42.424166666666665,15.5,0.0,-5.699999999999999,94.0,0.0,16.0,4.06,2.3,3.28,58.66,13.501799999999998,2.0773333333333333
2025-10-22 00:00:00-05:00,27.52916666666667,15.8,0.0,-6.2,64.0,0.0,15.209999999999999,4.06,2.32,3.45,58.66,1.6603333333333332,2.0773333333333333
2025-10-23 00:00:00-05:00,32.557916666666664,17.5,0.0,-5.1,18.0,1.0,23.04,4.06,2.42,3.34,62.44,32.92124999999999,2.0773333333333333
2025-10-24 00:00:00-05:00,33.995,18.7,0.0,-3.5,11.0,1.0,14.44,4.06,2.4,3.21,62.44,23.515333333333334,2.0773333333333333
2025-10-25 00:00:00-05:00,44.59791666666666,19.2,0.0,-3.2,4.0,1.0,20.25,4.06,2.4,3.21,62.44,21.70138888888889,2.0773333333333333
2025-10-26 00:00:00-05:00,49.80166666666667,20.3,0.0,-5.3,14.0,1.0,12.96,4.06,2.4,3.21,62.44,19.88744444444444,2.0773333333333333
2025-10-27 00:00:00-05:00,39.719166666666666,18.2,0.0,-4.8,24.0,1.0,7.290000000000001,4.06,2.37,3.21,62.44,18.073499999999996,2.0773333333333333
2025-10-28 00:00:00-05:00,32.8075,18.5,0.0,-1.9,3.0,1.0,10.889999999999999,4.06,2.36,3.21,62.44,2.4605,2.0773333333333333
2025-10-29 00:00:00-05:00,19.653333333333332,18.9,0.0,-3.5,6.0,1.0,12.25,4.06,2.37,3.36,62.44,23.268,2.0773333333333333
2025-10-30 00:00:00-05:00,35.87208333333333,17.3,0.0,-0.7,0.0,1.0,6.25,4.06,2.38,3.46,61.36,22.061000000000003,2.0773333333333333
2025-10-31 00:00:00-05:00,29.079583333333332,17.9,0.0,-0.30000000000000004,0.0,1.0,6.760000000000001,4.06,2.4,3.57,61.75,22.034333333333336,2.0773333333333333
